City,total_contributors,total_stars,avg_stars_per_contributor,City_English,City_English_Cleaned
"""Sf. Antonie cel Mare"" și ""Sf. Andrei Șaguna""",1,6272,6272.0,"""St. Anthony the Great"" and ""St. Andrei Șaguna""",St Anthony The Great And St Andrei Șaguna
's-Hertogenbosch,2,76375,38187.5,'s-Hertogenbosch,S-Hertogenbosch
"+52° 21' 16.01""",1,3448,3448.0,"+52° 21' 16.01""",
0.1,1,41513,41513.0,0.1,
0/0 0/0,1,6272,6272.0,0/0 0/0,
04-63,1,36520,36520.0,04-63,
3b,1,11552,11552.0,3B,3B
404,2,171093,85546.5,404,
404 Not Found,1,30595,30595.0,404 Not Found,404 Not Found
50/A,1,148290,148290.0,50/A,50A
55.661349,1,35079,35079.0,55.661349,
555 Bailey Ave,1,19570,19570.0,555 Bailey Ave,555 Bailey Ave
5P79+6FH,1,77895,77895.0,5p79+6FH,5P796Fh
616,1,15359,15359.0,616,
68 093,1,8218,8218.0,68 093,
800 Dongchuan RD. Minhang District,1,40041,40041.0,800 Dongchuan RD. Minhang District,800 Dongchuan Rd Minhang District
96,1,12510,12510.0,96,
@localhost,11,417374,37943.09090909091,@localhost,Localhost
A Coruña,2,44537,22268.5,A Coruña,A Coruña
ADC,1,71195,71195.0,ADC,Adc
ATLANTA,1,10938,10938.0,ATLANTA,Atlanta
AZ,1,14711,14711.0,THE,The
Aachen,5,150522,30104.4,Aachen,Aachen
Aalborg,2,39968,19984.0,Aalborg,Aalborg
Aalsmeer,1,21220,21220.0,Aalsmeer,Aalsmeer
Aarhus,5,106945,21389.0,Aarhus,Aarhus
Aberdeen,1,8101,8101.0,Aberdeen,Aberdeen
Abidjan,1,21220,21220.0,Abidjan,Abidjan
Abu Dhabi,3,58187,19395.666666666668,Abu Dhabi,Abu Dhabi
Acaraú,1,6268,6268.0,Acaraú,Acaraú
Accra,2,31867,15933.5,Accra,Accra
Addis Ababa,1,77895,77895.0,Addis Ababa,Addis Ababa
Adelaide,4,130245,32561.25,Adelaide,Adelaide
Agra,1,15359,15359.0,Agra,Agra
Ahaus,1,8101,8101.0,Ahaus,Ahaus
Ahmedabad,8,220822,27602.75,Ahmedabad,Ahmedabad
Akihabara,1,148290,148290.0,Akihabara,Akihabara
Akron,1,14182,14182.0,Akron,Akron
Alacant / Alicante,1,12053,12053.0,Alacant / Alicante,Alacant Alicante
Alappuzha,1,27246,27246.0,Alappuzha,Alappuzha
Albany,2,35517,17758.5,Albany,Albany
Alcobendas,1,9466,9466.0,Alcobendas,Alcobendas
Alexandria,3,21202,7067.333333333333,Alexandria,Alexandria
Alger ⴷⵣⴰⵢⴻⵔ الجزائر,1,13062,13062.0,Alger ⴷⵣⴰⵢⴻⵔ Algeria,Alger ⴷⵣⴰⵢⴻⵔ Algeria
Alibaba Cloud,1,39146,39146.0,Alibaba Cloud,Alibaba Cloud
Alicante,3,36767,12255.666666666666,Alicante,Alicante
Alipurduar,1,19570,19570.0,Alipurduar,Alipurduar
Aliso Viejo,1,148290,148290.0,Aliso old,Aliso Old
Alkmaar,1,3459,3459.0,Alkmaar,Alkmaar
Almaden Valley,1,19570,19570.0,Almaden Valley,Almaden Valley
Alpha Centauri,1,10360,10360.0,Alpha Centauri,Alpha Centauri
Alsace,1,15951,15951.0,Alsace,Alsace
Amherst,2,32872,16436.0,Amherst,Amherst
Amherstburg,1,37244,37244.0,Amherstburg,Amherstburg
Amman,16,461933,28870.8125,Amman,Amman
Amravati,1,40041,40041.0,Amravati,Amravati
Amsterdam,108,3167081,29324.824074074073,Amsterdam,Amsterdam
Amsterdam Metropolitan Area,1,30974,30974.0,Amsterdam Metropolitan Area,Amsterdam Metropolitan Area
Anacortes,1,40041,40041.0,Anacortes,Anacortes
Anahola,1,29501,29501.0,Anahola,Anahola
Andorra,2,51939,25969.5,Andorra,Andorra
Andromeda Galaxy (M31),1,29501,29501.0,Andromeda Galaxy (M31),Andromeda Galaxy M31
Angers,2,67171,33585.5,Angers,Angers
Anhui,1,56047,56047.0,Anhui,Anhui
Ankara,13,649130,49933.07692307692,Ankara,Ankara
Ann Arbor,12,319430,26619.166666666668,Ann Arbor,Ann Arbor
Annapolis,1,8557,8557.0,Annapolis,Annapolis
Annecy,1,49378,49378.0,Annecy,Annecy
Antalya,1,77895,77895.0,Antalya,Antalya
Antarctica,1,71312,71312.0,Antarctica,Antarctica
Antwerp,5,142076,28415.2,Antwerp,Antwerp
Antwerpen,1,16826,16826.0,Antwerp,Antwerp
Anyang & Seoul,1,77961,77961.0,Anyang & Seoul,Anyang Seoul
Apex,1,19570,19570.0,Apex,Apex
Ardèche,1,37244,37244.0,Ardèche,Ardèche
Arg,1,5813,5813.0,Arg,Arg
Argentina,8,84886,10610.75,Argentina,Argentina
Arizona,9,221780,24642.222222222223,Arizona,Arizona
Arlington,5,154110,30822.0,Arlington,Arlington
Armenia,2,61539,30769.5,Armenia,Armenia
Arumuganeri,1,3961,3961.0,Arumuganeri,Arumuganeri
Arvida,1,23211,23211.0,Arvida,Arvida
As Sulaymaniyah,2,30299,15149.5,As Sulaymaniyah,As Sulaymaniyah
Ashland,1,8218,8218.0,Ashland,Ashland
Asia,3,71676,23892.0,Asia,Asia
Asia/Tokyo timezone,1,33955,33955.0,Asia/Tokyo timezone,Asiatokyo Timezone
Assam,1,77895,77895.0,Assam,Assam
Athens,21,691860,32945.71428571428,Athens,Athens
Athlone,1,6799,6799.0,Athlone,Athlone
Atlanta,29,870359,30012.379310344822,Atlanta,Atlanta
Atlanta Street,1,11812,11812.0,Atlanta Street,Atlanta Street
Auburn,1,5813,5813.0,Auburn,Auburn
Auckland,9,214877,23875.222222222223,Auckland,Auckland
Augsburg,2,27138,13569.0,Augsburg,Augsburg
Auroville,1,23679,23679.0,Auroville,Auroville
Austin,62,1382143,22292.629032258064,Austin,Austin
Australia,3,73788,24596.0,Australia,Australia
Austria,1,13062,13062.0,Austria,Austria
Autocaravana,1,29022,29022.0,Mobile home,Mobile Home
Aveiro,1,12898,12898.0,Aveiro,Aveiro
Ayiti,1,77895,77895.0,Haiti,Haiti
Azad Hind Fauj Marg,1,9536,9536.0,Azad Hind Fauj Marg,Azad Hind Fauj Marg
Açailândia,1,6559,6559.0,Acailand,Acailand
B-612,1,22803,22803.0,B-612,B-612
BC,5,214875,42975.0,BC,Bc
BLR,2,22912,11456.0,BLR,Blr
BOND NO. 9 NYC,1,29501,29501.0,BOND NO. 9 NYC,Bond No 9 Nyc
Bad Kreuznach,1,62415,62415.0,Bad Creuznach,Bad Creuznach
Baden,1,77961,77961.0,Baden,Baden
Bajio,1,171829,171829.0,Bajio,Bajio
Bali,2,56927,28463.5,Bali,Bali
Baltimore,5,353299,70659.8,Baltimore,Baltimore
Banco do Brasil,1,6268,6268.0,Banco do Brasil,Banco Do Brasil
Bandaragama,1,10938,10938.0,Bandaragama,Bandaragama
Bandung,3,115127,38375.666666666664,Bandung,Bandung
Bangaldesh Bitar SW Tower,1,10938,10938.0,Bangaldesh Bitar Sw Tower,Bangaldesh Bitar Sw Tower
Bangalore,50,1295075,25901.5,Bangalore,Bangalore
Bangkok,6,214795,35799.166666666664,Bangkok,Bangkok
Banglore,2,51812,25906.0,Banglore,Banglore
Banglore Town,4,109115,27278.75,Banglore Town,Banglore Town
Banyuwangi,1,4325,4325.0,Banyuwangi,Banyuwangi
Bar,2,57460,28730.0,Bar,Bar
Barcelona,60,1569097,26151.616666666665,Barcelona,Barcelona
Bareilly,1,10854,10854.0,Bareilly,Bareilly
Bari,3,119785,39928.333333333336,Bari,Bari
Barranquilla,1,27040,27040.0,Barranquilla,Barranquilla
Basel,2,112867,56433.5,Basel,Basel
Bath,2,140310,70155.0,Bath,Bath
Bathroom,1,8418,8418.0,Bathroom,Bathroom
Batu Pahat,1,36240,36240.0,Stone chisel,Stone Chisel
Bauchi,1,8218,8218.0,Bauchi,Bauchi
Bauru,1,6425,6425.0,Bauru,Bauru
Bavaria,3,102276,34092.0,Bavaria,Bavaria
Bay Area,12,328732,27394.333333333332,Bay Area,Bay Area
Bay Area | Bend,1,29501,29501.0,Bay Area | Bend,Bay Area Bend
Bay area,2,32386,16193.0,Bay area,Bay Area
Bayern,2,176254,88127.0,Bayern,Bayern
Bayreuth,1,62415,62415.0,Bayreuth,Bayreuth
Beaufort,1,40203,40203.0,Beaufort,Beaufort
Beernem,1,5813,5813.0,Beernem,Beernem
Beersheba,1,30974,30974.0,Beersheba,Beersheba
Bei Jing,1,33955,33955.0,Beijing,Beijing
BeiJing,2,9943,4971.5,BeiJing,Beijing
Beijing,112,3831146,34206.66071428572,Beijing,Beijing
Beijing City,1,56047,56047.0,Beijing City,Beijing City
Beijing University of Posts and Telecommunications,1,4358,4358.0,Beijing University of Posts and Telecommunications,Beijing University Of Posts And Telecommunications
Beirut,3,97047,32349.0,Beir,Beir
Belarus,1,13062,13062.0,Belarus,Belarus
Belfast,4,107247,26811.75,Belfast,Belfast
Belfort,1,35079,35079.0,Belfort,Belfort
België / Belgique / Belgien,20,807872,40393.6,Belgium / Belgique / Belgien,Belgium Belgique Belgien
Belgrade,10,225975,22597.5,Belgrade,Belgrade
Belgrade (previously Bordeaux,1,53164,53164.0,Belgrade (previously Bordeaux,Belgrade Previously Bordeaux
Bellaterra,1,12053,12053.0,Beauty,Beauty
Bellevue,18,393728,21873.777777777777,Bellevue,Bellevue
Bellingham,1,13062,13062.0,Bellingham,Bellingham
Belluno,1,14182,14182.0,Belluno,Belluno
Belo Horizonte,3,107899,35966.333333333336,Belo Horizonte,Belo Horizonte
Belém,1,11687,11687.0,Bethlehem,Bethlehem
Bench-In-The Middle-Of-Nowhere,1,40323,40323.0,Bench-In-The Middle-Of-Nowhere,Bench-In-The Middle-Of-Nowhere
Bend,3,66376,22125.333333333332,Bend,Bend
Bendigo,1,77895,77895.0,Bendigo,Bendigo
Bengalore,1,21627,21627.0,Bengaloreore,Bengaloreore
Bengaluru,108,2907859,26924.62037037037,Bengaluru,Bengaluru
Bergamo,3,65464,21821.333333333332,Bergamo,Bergamo
Bergen,2,76561,38280.5,Bergen,Bergen
Berkeley,39,994538,25500.97435897436,Berkeley,Berkeley
Berkeley CA,1,22335,22335.0,Berkeley CA,Berkeley Ca
Berlin,194,5914065,30484.871134020617,Berlin,Berlin
Bern,2,41009,20504.5,Bern,Bern
Bernau,1,62415,62415.0,Bernau,Bernau
Berne,1,19093,19093.0,Berne,Berne
Bessèges,1,15951,15951.0,Bessèges,Bessèges
Bethesda,3,62074,20691.333333333332,Bethesda,Bethesda
Bhavnagar,1,24772,24772.0,Bhavnagar,Bhavnagar
Bhilwara,1,7980,7980.0,Bhilwara,Bhilwara
Bhopal,1,4626,4626.0,Bhopal,Bhopal
Bhubaneswar,2,25144,12572.0,Bhubaneswar,Bhubaneswar
Biatorbágy,1,62415,62415.0,Biatorbed,Biatorbed
Białystok,2,31964,15982.0,Białystok,Białystok
Bidhannagar,1,77895,77895.0,Bidhannagar,Bidhannagar
Bihar,1,4425,4425.0,Bihar,Bihar
Bikaner,2,56048,28024.0,Bikaner,Bikaner
Birmingham,11,622243,56567.545454545456,Birmingham,Birmingham
Birpara,1,23679,23679.0,The Birparas,The Birparas
Bismarck,1,23211,23211.0,Bismarck,Bismarck
Bitola,2,54492,27246.0,Gauge,Gauge
Black Forest,1,4425,4425.0,Black Forest,Black Forest
Blacksburg,1,5468,5468.0,Blacksburg,Blacksburg
Block,1,62415,62415.0,Block,Block
Bloomington,2,43917,21958.5,Bloomington,Bloomington
Blue Ridge Public School,1,6450,6450.0,Blue Ridge Public School,Blue Ridge Public School
Bluffton,1,13062,13062.0,Bluffton,Bluffton
Bocaina de Minas,1,77895,77895.0,Bocaina de Minas,Bocaina De Minas
Bochum,1,62415,62415.0,Bochum,Bochum
Bodrum,1,22335,22335.0,Bodrum,Bodrum
Bogotá,8,384856,48107.0,Bogotá,Bogotá
Boise,2,154715,77357.5,Boise,Boise
Bologna,7,196086,28012.285714285714,Bologna,Bologna
Bondo,1,11599,11599.0,Kneecap,Kneecap
Bonn,6,104757,17459.5,Bonn,Bonn
Bordeaux,5,194468,38893.6,Bordeaux,Bordeaux
Boston,64,1886183,29471.609375,Boston,Boston
Bothell,1,29501,29501.0,Bothell,Bothell
Boulder,14,294510,21036.428571428572,Boulder,Boulder
Bourg-en-Bresse,1,49378,49378.0,Bourg-en-Bresse,Bourg-En-Bresse
Bournemouth,1,39146,39146.0,Bournemouth,Bournemouth
Boynton Beach,1,4335,4335.0,Boynton Beach,Boynton Beach
Bozeman,1,7852,7852.0,Bozeman,Bozeman
Braga,2,12763,6381.5,Braga,Braga
Bramsche,1,8101,8101.0,Bramsche,Bramsche
Brasil,67,2215462,33066.59701492537,Brazil,Brazil
Brasília,8,164039,20504.875,Brasilia,Brasilia
Bratislava,4,223696,55924.0,Bratislava,Bratislava
Brattleboro,1,29022,29022.0,Brattleboro,Brattleboro
Braunschweig,4,110935,27733.75,Braunschweig,Braunschweig
Brazil,3,108048,36016.0,Brazil,Brazil
Bremen,2,8489,4244.5,Bremen,Bremen
Brest,2,27472,13736.0,Brest,Brest
Bretagne,1,62415,62415.0,Brittany,Brittany
Brighton,3,27312,9104.0,Brighton,Brighton
Brisbane,14,316233,22588.071428571428,Brisbane,Brisbane
Bristol,10,389503,38950.3,Bristol,Bristol
British Columbia,1,13062,13062.0,British Columbia,British Columbia
Brno,11,219698,19972.545454545456,Brno,Brno
Brookfield,1,37358,37358.0,Brookfield,Brookfield
Brooklyn,23,721624,31374.956521739132,Brooklyn,Brooklyn
Brooklyn Basin,1,29501,29501.0,Brooklyn Basi,Brooklyn Basi
Brookyln,1,14182,14182.0,Brookyln,Brookyln
Broomfield,1,37244,37244.0,Broomfield,Broomfield
Brunei,1,171829,171829.0,Brunei,Brunei
Brunswick,1,4536,4536.0,Brunswick,Brunswick
Brussels,5,127632,25526.4,Brussels,Brussels
Bruxelles,2,70516,35258.0,Bruxelles,Bruxelles
Bruxelles - Brussel,7,129585,18512.14285714286,Bruxelles - Brussel,Bruxelles - Brussel
Bucharest,6,122426,20404.333333333332,Bucharest,Bucharest
Bucuresti,1,62415,62415.0,Bucharest,Bucharest
București,3,43632,14544.0,Bucharest,Bucharest
Budapest,26,1080759,41567.65384615384,Budapest,Budapest
Buea,1,5502,5502.0,Buea,Buea
Buenos Aires,9,371217,41246.333333333336,Buenos Aires,Buenos Aires
Bulgaria,1,14182,14182.0,Bulgaria,Bulgaria
Bumi Sukowati,1,3433,3433.0,Bumi Sukowati,Bumi Sukowati
Burgos,2,54385,27192.5,Burgos,Burgos
Burlington,3,215033,71677.66666666667,Burlington,Burlington
Burnaby,1,71195,71195.0,Burnaby,Burnaby
Busan,2,58044,29022.0,Busan,Busan
Butte,1,21220,21220.0,Butte,Butte
Buvęs Rusijos imperijos paštas,1,39146,39146.0,Former Russian Empire mail,Former Russian Empire Mail
Børkop,1,29022,29022.0,Børkop,Børkop
CA,4,269952,67488.0,CA,Ca
CHN,1,33955,33955.0,CHN,Chn
CT,1,19972,19972.0,CT,Ct
Caen,3,43432,14477.333333333334,Caen,Caen
Cairo,7,222676,31810.85714285714,Cairo,Cairo
Calabasas,1,22803,22803.0,Calabasas,Calabasas
Calgary,4,282586,70646.5,Calgary,Calgary
California,68,1614317,23739.95588235294,California,California
Cambridge,56,868505,15509.017857142857,Cambridge,Cambridge
Campbell County,2,28326,14163.0,Campbell County,Campbell County
Campinas,4,127891,31972.75,Campinas,Campinas
Campus Diepenbeek,1,3448,3448.0,Campus Diepenbeek,Campus Diepenbeek
Canada,4,49871,12467.75,Canada,Canada
Canberra,3,93686,31228.666666666668,Canberra,Canberra
Candlewood Suites - Philadelphia - Airport Area,1,6171,6171.0,Candlewood Suites - Philadelphia - Airport Area,Candlewood Suites - Philadelphia - Airport Area
Cantho,1,6799,6799.0,Cantho,Cantho
Canton,4,133574,33393.5,Canton,Canton
Cape Girardeau,1,7760,7760.0,Cape Girardeau,Cape Girardeau
Cape Town,28,1144558,40877.07142857143,Cape Town,Cape Town
Capital Region International Airport,1,33955,33955.0,Capital Region International Airport,Capital Region International Airport
Caracas,1,5502,5502.0,Caracas,Caracas
Carrer de Budapest,1,40203,40203.0,Budapest Street,Budapest Street
Carrer de Tenerife,1,40203,40203.0,Tenerife Street,Tenerife Street
Caruaru,2,35552,17776.0,Caruaru,Caruaru
Cary,3,201599,67199.66666666667,Cary,Cary
Casablanca,1,19286,19286.0,Casablanca,Casablanca
Casablanca ⵜⴰⴷⴷⴰⵔⵜ ⵜⵓⵎⵍⵉⵍⵜ الدار البيضاء,2,46538,23269.0,Cassablanca Houseal to the White House by الدار البيضاء,Cassablanca Houseal To The White House By الدار البيضاء
Cavite,1,8023,8023.0,Cavite,Cavite
Cazenovia,1,16273,16273.0,Cazenovia,Cazenovia
Cebu City,1,17000,17000.0,Cebu City,Cebu City
Central Oregon Canal,1,9536,9536.0,Central Oregon Canal,Central Oregon Canal
Champaign,2,43306,21653.0,Champaign,Champaign
Chandigarh,4,33548,8387.0,Chandigarh,Chandigarh
Chandrapur,1,16926,16926.0,Chandrapur,Chandrapur
Chapecó,1,21627,21627.0,Chapecó,Chapecó
Chapel HIll,1,30974,30974.0,Chapel HIll,Chapel Hill
Chapel Hill,2,55770,27885.0,Chapel Hill,Chapel Hill
Charleston,3,51313,17104.333333333332,Charleston,Charleston
Charlotte,8,324323,40540.375,Charlotte,Charlotte
Charlotte NC,1,8418,8418.0,Charlotte NC,Charlotte Nc
Charlottesville,1,4524,4524.0,Charlottesville,Charlottesville
Chattogram,1,5838,5838.0,Chattogram,Chattogram
Chau Doc,1,7980,7980.0,Chau Doc,Chau Doc
Chavakachcheri,1,11687,11687.0,Chambers,Chambers
Cheng Du,2,85813,42906.5,Cheng you,Cheng You
ChengDu,1,71195,71195.0,ChengDu,Chengdu
Chengdu,16,556887,34805.4375,Chengdu,Chengdu
Chennai,28,741221,26472.178571428572,Chennai,Chennai
Chernivtsi,1,27246,27246.0,Chernivtsi,Chernivtsi
Cheshire,1,5502,5502.0,Cheshire,Cheshire
Chester Springs,1,44122,44122.0,Chester Springs,Chester Springs
Chhatrapati Sambhaji Nagar,1,19286,19286.0,Chhatrapati sambhaji Nagar,Chhatrapati Sambhaji Nagar
Chi-Town,1,19570,19570.0,Chi-Town,Chi-Town
Chiang Mai,3,239997,79999.0,Chiang Mai,Chiang Mai
Chiba,3,85220,28406.666666666668,Chiba,Chiba
Chicago,42,1177838,28043.761904761905,Chicago,Chicago
Chichester,1,40203,40203.0,Chichester,Chichester
Chihuahua,1,27246,27246.0,Chihuahua,Chihuahua
Chile,5,238188,47637.6,Chile,Chile
China,18,696985,38721.38888888889,China,China
China & USA,1,14182,14182.0,China & USA,China Usa
China Beijing,2,28616,14308.0,China Beijing,China Beijing
China Shanghai,2,44893,22446.5,China Shanghai,China Shanghai
Chitwan,1,49378,49378.0,Chitwan,Chitwan
ChongQing,1,22803,22803.0,ChongQing,Chongqing
Chongqin Village,1,33955,33955.0,Chongqin Village,Chongqin Village
Chongqing,3,66303,22101.0,Chongqing,Chongqing
Cincinanti,1,148290,148290.0,Ringinanti,Ringinanti
Cincinnati,2,45142,22571.0,Cincinnati,Cincinnati
Circassia,1,6487,6487.0,Circle,Circle
City of Brisbane,9,275606,30622.88888888889,City of Brisbane,City Of Brisbane
City of Edinburgh,5,86732,17346.4,City of Edinburgh,City Of Edinburgh
City of New York,133,3837737,28855.165413533836,City of New York,City Of New York
Ciudad de México,7,361974,51710.57142857143,Mexico City,Mexico City
Cleveland,4,58840,14710.0,Cleveland,Cleveland
Cloud County,3,20543,6847.666666666667,Cloud County,Cloud County
Cluj-Napoca,3,66500,22166.666666666668,Cluj-Napoca,Cluj-Napoca
Coblenz,1,11812,11812.0,Coblenz,Coblenz
Cochabamba,1,37244,37244.0,Cochabamba,Cochabamba
Coimbatore,6,90138,15023.0,Coimbatore,Coimbatore
Coimbra,2,53684,26842.0,Coimbra,Coimbra
College Park,4,148625,37156.25,College Park,College Park
College Station,1,34972,34972.0,College Station,College Station
Cologne,8,163981,20497.625,Cologne,Cologne
Colombia,6,342637,57106.166666666664,Colombia,Colombia
Colombo,4,124750,31187.5,Colombo,Colombo
Colorado,9,330773,36752.555555555555,Colorado,Colorado
Colorado Springs,3,188469,62823.0,Colorado Springs,Colorado Springs
Columbia,1,29022,29022.0,Columbia,Columbia
Columbia University,1,171829,171829.0,Columbia University,Columbia University
Columbus,2,36547,18273.5,Columbus,Columbus
Como,2,29636,14818.0,As,As
Connecticut,2,35397,17698.5,Connecticut,Connecticut
ConnectionError: Server unavailable,1,56047,56047.0,ConnectionError: Server unavailable,Connectionerror Server Unavailable
Constance,1,77961,77961.0,Constance,Constance
Consulat Général de Suisse,1,171829,171829.0,Consulate General of Switzerland,Consulate General Of Switzerland
Copenhagen,15,301321,20088.066666666666,Copenhagen,Copenhagen
Cork,2,57323,28661.5,Cork,Cork
Cornellà de Llobregat,1,6559,6559.0,Cornellà de Llobregat,Cornellà De Llobregat
Corte Madera,1,14647,14647.0,Wood cutting,Wood Cutting
Corvallis,2,188331,94165.5,Corvallis,Corvallis
Costa Rica,2,75676,37838.0,Costa Rica,Costa Rica
Costa del Sol,1,32389,32389.0,Costa del Sol,Costa Del Sol
Cotonou,1,29501,29501.0,Coton,Coton
Covington,1,23211,23211.0,Covington,Covington
Cracow,4,180489,45122.25,Cracow,Cracow
Crailsheim,1,19371,19371.0,Crailsheim,Crailsheim
Crete,1,29022,29022.0,Crete,Crete
Cromer,1,8218,8218.0,Cromer,Cromer
Cuba,1,77961,77961.0,Cuba,Cuba
Cuiabá,1,5813,5813.0,Cuiabá,Cuiabá
Cumming,1,6559,6559.0,Cumming,Cumming
Cundinamarca,1,6425,6425.0,Cundinamarca,Cundinamarca
Cupertino,4,72304,18076.0,Cupertino,Cupertino
Curitiba,3,199474,66491.33333333333,Curitiba,Curitiba
Cyberspace Network Limited,4,119865,29966.25,Cyberspace Network Limited,Cyberspace Network Limited
Cymru / Wales,1,4325,4325.0,Wales / Wales,Wales Wales
Czestochowa,1,23211,23211.0,Czestochowa,Czestochowa
Córdoba,1,8218,8218.0,Córdoba,Córdoba
Côte d'Azur,1,21220,21220.0,Côte d'Azur,Côte Dazur
Côte d’Ivoire,2,112094,56047.0,Ivory Coast,Ivory Coast
DIY,1,41513,41513.0,DIY,Diy
Daegu,1,21627,21627.0,Daegu,Daegu
Daejeon,1,5075,5075.0,Daejeon,Daejeon
Daerah Khusus ibukota Jakarta,7,95308,13615.42857142857,Special Capital Region of Jakarta,Special Capital Region Of Jakarta
Dakar,1,19570,19570.0,Dakar,Dakar
Dalian,1,27040,27040.0,Dalian,Dalian
Dallas,15,563474,37564.933333333334,Dallas,Dallas
Dallas/Fort Worth,2,76900,38450.0,Dallas/Fort Worth,Dallasfort Worth
Danmark,22,568682,25849.18181818182,Denmark,Denmark
Darmstadt,2,27703,13851.5,Darmstadt,Darmstadt
Darnestown,1,21220,21220.0,Darnestown,Darnestown
Darwin,1,29501,29501.0,Darwin,Darwin
Davao City,1,3459,3459.0,Davao City,Davao City
Davis,1,8405,8405.0,Davis,Davis
Daydream,1,33955,33955.0,Daydream,Daydream
Dayton,3,25996,8665.333333333334,Dayton,Dayton
De Bilt,1,3341,3341.0,De Bilt,De Bilt
Debrecen,1,29022,29022.0,Debrecen,Debrecen
Dehradun,1,40203,40203.0,Dehradun,Dehradun
Delegation of the European Union,1,18221,18221.0,Delegation of the European Union,Delegation Of The European Union
Deleware,1,77961,77961.0,Deleware,Deleware
Delft,9,326505,36278.333333333336,Delft,Delft
Delhi,26,747466,28748.69230769231,Delhi,Delhi
Delhi University (North Campus),1,8218,8218.0,Delhi University (North Campus),Delhi University North Campus
Delhi/Bangalore,1,29022,29022.0,Delhi/Bangalore,Delhibangalore
Denver,25,690017,27600.68,Denver,Denver
Des Moines,3,78274,26091.333333333332,Monks,Monks
Detroit,1,4694,4694.0,Detroit,Detroit
Deutschland,178,5676473,31890.29775280899,Deutschland,Deutschland
Devarapalli,1,24772,24772.0,Devarapalli,Devarapalli
Dhaka,15,526706,35113.73333333333,Dhaka,Dhaka
Dhanbad,1,16926,16926.0,Dhanbad Dhanbad,Dhanbad Dhanbad
Diemen,1,29501,29501.0,Diemen,Diemen
Dimension Townhomes,1,4335,4335.0,Dimension Townhomes,Dimension Townhomes
Diriamba,1,8557,8557.0,Dive,Dive
Doncaster,1,5813,5813.0,Doncaster,Doncaster
DongGuan,1,10938,10938.0,DongGuan,Dongguan
Dongcheng,1,4741,4741.0,Dongcheng,Dongcheng
Dordrecht,1,11687,11687.0,Dordrecht,Dordrecht
Dormagen,1,5813,5813.0,Dormagen,Dormagen
Dortmund,7,153435,21919.285714285714,Dortmund,Dortmund
Douala,1,27246,27246.0,Douala,Douala
Downtown,1,8101,8101.0,Downtown,Downtown
Drachten,1,3685,3685.0,Drachten,Drachten
Dream,1,22803,22803.0,Dream,Dream
Dreamland,1,23679,23679.0,Dreamland,Dreamland
Dresden,2,34730,17365.0,Dresden,Dresden
Drupe Designs - Metaverse Marketing,3,226187,75395.66666666667,Drupe Designs - Metaverse Marketing,Drupe Designs - Metaverse Marketing
Dubai,18,377932,20996.222222222223,Dubai,Dubai
Dubin,1,7852,7852.0,Dubin,Dubin
Dublin,29,448349,15460.310344827589,Dublin,Dublin
Dunedin,1,77895,77895.0,Dunedin,Dunedin
Durango,1,5989,5989.0,Durango,Durango
Durban,1,23211,23211.0,Durban,Durban
Durham,9,309761,34417.88888888889,Durham,Durham
Düsseldorf,2,106983,53491.5,Düsseldorf,Düsseldorf
EAST BURDWAN,1,27246,27246.0,EAST BURDWAN,East Burdwan
EPFL Innovation Park Building C,1,3448,3448.0,EPFL Innovation Park Building C,Epfl Innovation Park Building C
ETH Zürich,1,4853,4853.0,ETH Zurich,Eth Zurich
Earth,86,2749636,31972.511627906977,Earth,Earth
East,1,35079,35079.0,East,East
East Asia,1,8195,8195.0,East Asia,East Asia
East Java,1,15359,15359.0,East Java,East Java
East Palo Alto,2,37442,18721.0,East Palo Alto,East Palo Alto
Eastern,1,5470,5470.0,Eastern,Eastern
Ecaps,1,8101,8101.0,Ecaps,Ecaps
Echo Valley Mobile Home Park,1,4536,4536.0,Echo Valley Mobile Home Park,Echo Valley Mobile Home Park
Ede Gelderland,1,21220,21220.0,Ede Gelderland,Ede Gelderland
Edgbaston,1,33955,33955.0,Edgbaston,Edgbaston
Edinburgh,6,163272,27212.0,Edinburgh,Edinburgh
Edison,1,30595,30595.0,Edison,Edison
Edmonton,15,475088,31672.533333333333,Edmonton,Edmonton
Eesti,5,81434,16286.8,Estonia,Estonia
Egypt,1,11812,11812.0,Egypt,Egypt
Eindhoven,10,510999,51099.9,Eindhoven,Eindhoven
El Granada,1,5504,5504.0,The Granada,The Granada
El Salvador,1,23679,23679.0,El Salvador,El Salvador
Embassy of Belgium,1,8101,8101.0,Embassy of Belgium,Embassy Of Belgium
Emsdetten,1,6171,6171.0,Emsdetten,Emsdetten
Endor,1,23211,23211.0,Endor,Endor
England,2,39494,19747.0,England,England
Enschede,1,29022,29022.0,Enschede,Enschede
Equestria Estate,1,11552,11552.0,Equestria Estate,Equestria Estate
Erlangen,2,41988,20994.0,Erlangen,Erlangen
Eskilstuna,1,6559,6559.0,Eskilstuna,Eskilstuna
España,33,1141747,34598.393939393936,Space,Space
Espoo,3,136870,45623.333333333336,Espoo,Espoo
Espírito Santo,1,6268,6268.0,Holy Spirit,Holy Spirit
Essex,1,21220,21220.0,Essex,Essex
Esslingen,1,12053,12053.0,Esslingen,Esslingen
Eswatini,2,38290,19145.0,Eswatin,Eswatin
Ether,1,36520,36520.0,Ether,Ether
Euronet Worldwide,1,148290,148290.0,Euronet Worldwide,Euronet Worldwide
Europe,13,366088,28160.615384615383,Europe,Europe
Europe - usually: Zürich,1,5621,5621.0,Europe - usually: Zürich,Europe - Usually Zürich
Euskal Herria,2,209073,104536.5,Euskal Herria,Euskal Herria
Evanston,1,62415,62415.0,Evanston,Evanston
Everywhere,6,169185,28197.5,Everywhere,Everywhere
Exeter,2,56062,28031.0,Exeter,Exeter
Expo,1,8405,8405.0,Expo,Expo
F4 objektum,1,71195,71195.0,F4 object,F4 Object
FL,1,77961,77961.0,FL,Fl
Fairfax,5,83649,16729.8,Fairfax,Fairfax
Falköping,1,171829,171829.0,Falköping,Falköping
Faridabad,2,23376,11688.0,Faridabad,Faridabad
Fayetteville,1,39146,39146.0,Fayetteville,Fayetteville
FedEx Service Center,1,40203,40203.0,FedEx Service Center,Fedex Service Center
Ferozepur,1,15359,15359.0,Ferozepur,Ferozepur
Ferrari of Seattle Service,1,30974,30974.0,Ferrari of Seattle Service,Ferrari Of Seattle Service
Flagstaff,2,33356,16678.0,Flagstaff,Flagstaff
Flight Status,1,7852,7852.0,Flight Status,Flight Status
Florianópolis,3,112837,37612.333333333336,Florianópolis,Florianópolis
Florida,9,290837,32315.222222222223,Florida,Florida
Flughafen Berlin Brandenburg,1,171829,171829.0,Berlin Brandenburg Airport,Berlin Brandenburg Airport
Foligno,1,77961,77961.0,Foligno,Foligno
Folkestone,1,8101,8101.0,Folkestone,Folkestone
Follow Your Heart Market,1,49378,49378.0,Follow Your Heart Market,Follow Your Heart Market
Folsom,3,39440,13146.666666666666,Folsom,Folsom
Fonthill,1,10938,10938.0,Fonthill,Fonthill
Fort Collins,4,82398,20599.5,Fort Collins,Fort Collins
Fort Lauderdale,1,16826,16826.0,Fort Lauderdale,Fort Lauderdale
Fort Myers,1,30974,30974.0,Fort Myers,Fort Myers
Fort Wayne,1,77961,77961.0,Fort Wayne,Fort Wayne
Fort Worth,1,3481,3481.0,Fort Worth,Fort Worth
Fortaleza,3,30051,10017.0,Fortaleza,Fortaleza
Foster City,2,13779,6889.5,Foster City,Foster City
France,96,3275231,34116.989583333336,France,France
France Paris,2,155856,77928.0,France Paris,France Paris
Frankfurt,6,259112,43185.333333333336,Frankfurt,Frankfurt
Frankfurt am Main,11,263608,23964.363636363636,Frankfurt am Main,Frankfurt Am Main
Fredericton,1,39146,39146.0,Fredericton,Fredericton
Freedom,1,26968,26968.0,Freedom,Freedom
Fremont,2,46610,23305.0,Fremont,Fremont
Fresno,1,16926,16926.0,Fresno,Fresno
Friedrichshafen,1,5813,5813.0,Friedrichshafen,Friedrichshafen
Friesland,1,21220,21220.0,Friesland,Friesland
Frisco,2,10970,5485.0,Frisco,Frisco
Fudan Univeristy,1,33955,33955.0,Fudan Univeristy,Fudan Univeristy
Fujian,3,153827,51275.666666666664,Fujian,Fujian
Fujisawa,1,71195,71195.0,Fujisawa,Fujisawa
Fukuoka,1,71312,71312.0,Fukuoka,Fukuoka
Fuzhou,2,95967,47983.5,Fuzhou,Fuzhou
Gainesville,3,95686,31895.333333333332,Gainesville,Gainesville
Gaithersburg,1,14182,14182.0,Gaithersburg,Gaithersburg
Galaxy,1,13062,13062.0,Galaxy,Galaxy
Galicia,2,23904,11952.0,Galicia,Galicia
Galilee,1,5148,5148.0,Galilee,Galilee
Galle,1,40041,40041.0,Galle,Galle
Galveston County,1,37358,37358.0,Galveston County,Galveston County
Galway,1,6462,6462.0,Galway,Galway
Gandhi Nagar,1,19286,19286.0,Gandhi Nagar,Gandhi Nagar
Gandhinagar,2,12552,6276.0,Gandhiinagar,Gandhiinagar
Gangnam-gu,1,71195,71195.0,Gangnam-gu,Gangnam-Gu
Gargantua,1,8195,8195.0,Gargantua,Gargantua
Gatineau,2,52208,26104.0,Gauge,Gauge
Gatokae Airport,1,12394,12394.0,Gatokae airport,Gatokae Airport
Gdansk,2,15704,7852.0,Gdansk,Gdansk
Gdańsk,17,197348,11608.70588235294,Gdańsk,Gdańsk
Geelong,2,23385,11692.5,Geelong,Geelong
Gejiu,1,6425,6425.0,Gejiu,Gejiu
Genesis,1,3459,3459.0,Genesis,Genesis
Geneva,11,355167,32287.909090909092,Geneva,Geneva
Genoa,1,29022,29022.0,Genoa,Genoa
Genova,1,7582,7582.0,Genova,Genova
Gent,4,123018,30754.5,Gent,Gent
Genève,4,100004,25001.0,Geneva,Geneva
Georgia,5,212241,42448.2,Georgia,Georgia
Germany,18,595359,33075.5,Germany,Germany
Ghana,2,94895,47447.5,Ghana,Ghana
Ghaziabad,1,11812,11812.0,Ghaziabad,Ghaziabad
Ghent,5,146080,29216.0,Ghent,Ghent
Gibraltar,1,29501,29501.0,Gibraltar,Gibraltar
Gießen,1,4853,4853.0,Pour,Pour
Gijón,1,15915,15915.0,Gijón,Gijón
Gilbert,1,3806,3806.0,Gilbert,Gilbert
Ginza,1,30974,30974.0,Ginza,Ginza
Girona,1,7582,7582.0,Girona,Girona
Gisburne Park Hospital (Not A and E),1,4425,4425.0,Gisburne Park Hospital (Not A and E),Gisburne Park Hospital Not A And E
GitHub,1,36520,36520.0,Girub,Girub
Giza,2,23211,11605.5,Giza,Giza
Glasgow,12,459276,38273.0,Glasgow,Glasgow
Gliwice,1,22335,22335.0,Gliwice,Gliwice
Global Biodiversity Information Facility,8,357001,44625.125,Global Biodiversity Information Facility,Global Biodiversity Information Facility
Gnesta,1,7980,7980.0,Gnesta,Gnesta
Go Anywhere Slab,1,7215,7215.0,Go Anywhere Slab,Go Anywhere Slab
Goa,3,61009,20336.333333333332,Goa,Goa
Goiás,1,171829,171829.0,Goiás,Goiás
Goiânia,3,54494,18164.666666666668,Goiânia,Goiânia
Gold Coast,1,13062,13062.0,Gold Coast,Gold Coast
Golden,1,23736,23736.0,Golden,Golden
Gomel,1,11812,11812.0,Gomel,Gomel
Gothenburg,3,149208,49736.0,Gothenburg,Gothenburg
Government Engineering College,1,3425,3425.0,Government Engineering College,Government Engineering College
Grad Zagreb,8,421356,52669.5,City of Zagreb,City Of Zagreb
Grad Čakovec,1,9513,9513.0,City of Čakovec,City Of Čakovec
Granada,2,17316,8658.0,Granada,Granada
Grand Blanc,1,36240,36240.0,Tall white,Tall White
Grand Forks,1,16826,16826.0,Grand Forks,Grand Forks
Grand Rapids,3,33383,11127.666666666666,Grand Rapids,Grand Rapids
Granollers,1,62415,62415.0,Granollers,Granollers
Graz,4,84733,21183.25,Graz,Graz
Great Rift Valley,1,40472,40472.0,Great Rift Valley,Great Rift Valley
Great Salt Lake City,1,8101,8101.0,Great Salt Lake City,Great Salt Lake City
Greater Boston,1,19808,19808.0,Greater Boston,Greater Boston
Greater Los Angeles,3,15723,5241.0,Greater Los Angeles,Greater Los Angeles
Greater Rochester International Airport,1,29022,29022.0,Greater Rochester International Airport,Greater Rochester International Airport
Greater Vancouver,1,30974,30974.0,Greater Vancouver,Greater Vancouver
Greifensee,1,23679,23679.0,Greifensee,Greifensee
Grenoble,7,192171,27453.0,Grenoble,Grenoble
Grenze Schweiz - France,1,26365,26365.0,Border Switzerland - France,Border Switzerland - France
Groningen,3,48599,16199.666666666666,Groningen,Groningen
Guang Dong,1,5730,5730.0,Guang Dong,Guang Dong
GuangZhou,5,213715,42743.0,GuangZhou,Guangzhou
Guangdong,5,250134,50026.8,Guangdong,Guangdong
Guangxi,1,26585,26585.0,Guangxi,Guangxi
Guangzhou,21,789269,37584.23809523809,Guangzhou,Guangzhou
Guangzhou City,1,33955,33955.0,Guangzhou City,Guangzhou City
Gui Lin,1,7852,7852.0,Gui Lin,Gui Lin
Guildford,4,118225,29556.25,Guildford,Guildford
Guilin,1,71195,71195.0,Guilin,Guilin
Guiyang,1,17000,17000.0,Guiyang,Guiyang
Guizhou,1,71195,71195.0,Guizhou,Guizhou
Gujarat,1,6272,6272.0,Gujarat,Gujarat
Gurgaon,3,17787,5929.0,Gurgaon,Gurgaon
Gurugram,8,203799,25474.875,Gurugram,Gurugram
Guwahati,1,5468,5468.0,Guwahati,Guwahati
Gwalior,3,98652,32884.0,Valler,Valler
Gyeonggi,1,77961,77961.0,Gyeonggi,Gyeonggi
Gyeonggi-do,1,4833,4833.0,Gone,Gone
Görlitz,1,7582,7582.0,Görlitz,Görlitz
Göteborg,3,24298,8099.333333333333,Gothenburg,Gothenburg
Güssing,1,62415,62415.0,Güssing,Güssing
HCM,1,8023,8023.0,HCM,Hcm
HCM City,1,6487,6487.0,HCM City,Hcm City
HCMC,1,17000,17000.0,HCMC,Hcmc
HK,1,5468,5468.0,HK,Hk
HZ,1,71195,71195.0,HZ,Hz
Haan,1,62415,62415.0,Haan,Haan
Haarlem,1,62415,62415.0,Haarlem,Haarlem
Haidian,1,53637,53637.0,Haidian,Haidian
Haldia Institute of Technology,1,27246,27246.0,Haldia Institute of Technology,Haldia Institute Of Technology
Half Moon Bay,3,70027,23342.333333333332,Half Moon Bay,Half Moon Bay
Halifax,2,104935,52467.5,Halifax,Halifax
Halmstad,1,33955,33955.0,Halmstad,Halmstad
Halol,1,27246,27246.0,Hacker,Hacker
Hamar,1,23679,23679.0,Ten,Ten
Hamburg,26,622961,23960.03846153846,Hamburg,Hamburg
Hameln,1,62415,62415.0,Hameln,Hameln
Hamilton,5,173295,34659.0,Hamilton,Hamilton
Hampshire,1,6559,6559.0,Hampshire,Hampshire
Hang Zhou,2,42150,21075.0,Hang Zhou,Hang Zhou
HangZhou,5,203831,40766.2,HangZhou,Hangzhou
Hangzhou,41,1191861,29069.780487804877,Hangzhou,Hangzhou
Hannover,4,113839,28459.75,Hannover,Hannover
Hanoi,3,48942,16314.0,Hanoi,Hanoi
Hanover,3,34513,11504.333333333334,Hanover,Hanover
Harare,1,27040,27040.0,Harare,Harare
Harbin,3,76826,25608.666666666668,Harbin,Harbin
Hartsfield–Jackson Atlanta International Airport,1,27040,27040.0,Hartsfield–Jackson Atlanta International Airport,Hartsfieldjackson Atlanta International Airport
Harvard Medical School,1,36520,36520.0,Harvard Medical School,Harvard Medical School
Haryana,1,19570,19570.0,Haryana,Haryana
Hastings,1,27246,27246.0,Hastings,Hastings
Hattiesburg,1,37358,37358.0,Hattiesburg,Hattiesburg
Hazaribagh,2,32285,16142.5,Hazaribagh,Hazaribagh
Hebden Bridge,1,30595,30595.0,Hebden Bridge,Hebden Bridge
Hefei,2,40557,20278.5,Fairy,Fairy
Heidelberg,10,304593,30459.3,Heidelberg,Heidelberg
Helsingør,1,23736,23736.0,Helsingør,Helsingør
Helsinki,17,466359,27432.882352941175,Helsinki,Helsinki
Henley-on-Thames,1,62415,62415.0,Henley-on-Thames,Henley-On-Thames
Here,3,100798,33599.333333333336,Here,Here
Herndon,2,29147,14573.5,Herndon,Herndon
Herzliya,1,40041,40041.0,Herzliya,Herzliya
Hickory,1,12868,12868.0,Hickory,Hickory
Hillsboro,4,25632,6408.0,Hillsboro,Hillsboro
Hilversum,1,40203,40203.0,Hilversum,Hilversum
Himalayas,1,5622,5622.0,Himalayas,Himalayas
Hlavní město Praha,18,612408,34022.666666666664,The Capital City of Prague,The Capital City Of Prague
Ho Chi Minh,2,47665,23832.5,Ho Chi Minh,Ho Chi Minh
Ho Chi Minh City,7,228444,32634.85714285714,Ho Chi Minh City,Ho Chi Minh City
Hobart,1,23211,23211.0,Hobart,Hobart
Hoboken,2,46131,23065.5,Hobooken,Hobooken
Hodgkin Building,1,23736,23736.0,Hodgkin Building,Hodgkin Building
Hoevenstraat,1,41513,41513.0,Hoevenstraat,Hoevenstraat
Home,4,139396,34849.0,Home,Home
Homeless,1,27246,27246.0,Homeless,Homeless
Hong Kong,2,55018,27509.0,Hong Kong,Hong Kong
Hongkong,1,16826,16826.0,Hongkong,Hongkong
Honolulu,5,132575,26515.0,Honolulu,Honolulu
Houston,17,421063,24768.41176470588,Houston,Houston
Hsinchu,3,187305,62435.0,Hsinchu,Hsinchu
Hubei,1,19188,19188.0,Hubei,Hubei
Hudson's Bay Outlet,2,16413,8206.5,Hudson's Bay Outlet,Hudsons Bay Outlet
Hulshout,1,4939,4939.0,Shout,Shout
Hungary,2,85918,42959.0,Hungary,Hungary
Huntington Beach,1,40203,40203.0,Huntington Beach,Huntington Beach
Huntsville,7,268119,38302.71428571428,Huntsville,Huntsville
Hyattsville,1,30974,30974.0,Hyattsville,Hyattsville
Hyderabad,38,630298,16586.78947368421,Hyderabad,Hyderabad
Hyderbad,1,14182,14182.0,Hyderbad,Hyderbad
Hydrabad,1,27246,27246.0,Hydrabad,Hydrabad
Hyogo,1,26968,26968.0,Hyogo,Hyogo
Hz. Yakup Mahallesi,1,33955,33955.0,Hz. Yakup Mahallesi,Hz Yakup Mahallesi
Hángzhōu,1,6462,6462.0,Hánglzhōu,Hánglzhōu
IIT Kanpur,1,29022,29022.0,IIT Kanpur,Iit Kanpur
IN,1,40323,40323.0,IN,In
IONIA,1,22803,22803.0,IONIA,Ionia
IR6,1,7852,7852.0,IR6,Ir6
Iasi,2,19835,9917.5,Iasi,Iasi
Ibadan,3,55396,18465.333333333332,Ibadan,Ibadan
Idaho,2,12515,6257.5,Idaho,Idaho
Ieper,1,19570,19570.0,Yolder,Yolder
Illinois,5,125571,25114.2,Illinois,Illinois
Ilmenau,1,19570,19570.0,Ilmenau,Ilmenau
Ilorin,1,3608,3608.0,Ilorin,Ilorin
Imbiss Sarajevo,1,12053,12053.0,Imbiss Sarajevo,Imbiss Sarajevo
Indaial,1,6268,6268.0,Indaial,Indaial
India,286,7370409,25770.66083916084,India,India
Indian Institute Of Information Technology,1,14182,14182.0,Indian Institute Of Information Technology,Indian Institute Of Information Technology
Indian Institute of Science,1,8218,8218.0,Indian Institute of Science,Indian Institute Of Science
Indian Institute of Technology Bombay,1,11812,11812.0,Indian Institute of Technology Bombay,Indian Institute Of Technology Bombay
Indian Institute of Technology Kharagpur,1,8218,8218.0,Indian Institute of Technology Kharagpur,Indian Institute Of Technology Kharagpur
Indiana,5,192528,38505.6,Indiana,Indiana
Indianapolis,3,193975,64658.333333333336,Indianapolis,Indianapolis
Indonesia,20,712771,35638.55,Indonesia,Indonesia
Indore,9,212954,23661.555555555555,Indore,Indore
Ingelmunster,1,171829,171829.0,Ingelmunster,Ingelmunster
Ingolstadt,3,31958,10652.666666666666,Ingolstadt,Ingolstadt
Innsbruck,2,13293,6646.5,Innsbruck,Innsbruck
International Institute Of Information Technology Naya Raipur,1,27246,27246.0,International Institute Of Information Technology Naya Raipur,International Institute Of Information Technology Naya Raipur
Internet Archive,9,468857,52095.22222222222,Internet Archive,Internet Archive
Iowa,1,27040,27040.0,Iowa,Iowa
Ipswich,1,3459,3459.0,Ipswich,Ipswich
Ireland,4,30333,7583.25,Ireland,Ireland
Irvine,7,183957,26279.571428571428,Irvine,Irvine
Irving,1,29022,29022.0,Irving,Irving
Irún,1,77961,77961.0,Irún,Irún
Isekai,1,56047,56047.0,Isekai,Isekai
Isfahan,1,16826,16826.0,Isfahan,Isfahan
Isla Vista,1,3448,3448.0,Vista Island,Vista Island
Islamabad,8,106880,13360.0,Islamabad,Islamabad
Isle of Man,1,8023,8023.0,Isle of Man,Isle Of Man
Israel,2,67490,33745.0,Israel,Israel
Istanbul,6,151588,25264.666666666668,Istanbul,Istanbul
Istanbul Turkey,3,72917,24305.666666666668,Istanbul Turkey,Istanbul Turkey
Itajubá,1,27040,27040.0,Itajubá,Itajubá
Italia,53,1528256,28835.01886792453,Italia,Italia
Italy,1,3459,3459.0,Italy,Italy
Ithaca,3,79044,26348.0,ITHACA,Ithaca
Ivins,1,7913,7913.0,Ivins,Ivins
Izmir,1,14182,14182.0,Izmir,Izmir
Jackson,1,8420,8420.0,Jackson,Jackson
Jacksonville,2,24849,12424.5,Jacksonville,Jacksonville
Jaipur,3,49277,16425.666666666668,Jaipur,Jaipur
Jakarta,4,172563,43140.75,Jakarta,Jakarta
Jalandhar,1,27246,27246.0,Jalandhar,Jalandhar
Jammu and Kashmir,1,10938,10938.0,Jammu and Kashmir,Jammu And Kashmir
Japan,3,49912,16637.333333333332,Japan,Japan
Jaraguá do Sul,1,8023,8023.0,Jaraguá do Sul,Jaraguá Do Sul
Jatiasih,1,77961,77961.0,Jatiasih,Jatiasih
Jeju,1,23679,23679.0,Jeju,Jeju
Jena,2,36002,18001.0,Jena,Jena
Jeonju,1,21627,21627.0,Jeonja,Jeonja
Jersey City,5,107466,21493.2,Jersey City,Jersey City
Jerusalem,1,77961,77961.0,Jerusalem,Jerusalem
Jesús María,1,12898,12898.0,Jesus Maria,Jesus Maria
Jharkhand,1,20905,20905.0,Jharkhand,Jharkhand
Jiangsu,2,52833,26416.5,Jiangsu,Jiangsu
Jiaxing,1,26585,26585.0,Jiaxing,Jiaxing
Jodhpur,1,15359,15359.0,Jodhpur,Jodhpur
Jodoigne,1,29022,29022.0,Jodoigne,Jodoigne
Johannesburg,1,5502,5502.0,Johannesburg,Johannesburg
Johnson City,1,29022,29022.0,Johnson City,Johnson City
Joinville,2,80406,40203.0,Joinville,Joinville
João Pessoa,2,41428,20714.0,João Pessoa,João Pessoa
Juiz de Fora,1,6268,6268.0,JUDGE,Judge
Jyväskylä,1,148290,148290.0,Jyväskylä,Jyväskylä
Jülich,1,29501,29501.0,Jülich,Jülich
KCMO Mounted Patrol,1,4536,4536.0,KCMO Mounted Patrol,Kcmo Mounted Patrol
Kailua Kona,1,19570,19570.0,Kailua Kona,Kailua Kona
Kamensk-Uralskiy,1,8101,8101.0,Kamensk-Uralskiy,Kamensk-Uralskiy
Kampala,2,105141,52570.5,Kampala,Kampala
Kamra,1,24772,24772.0,Room,Room
Kanagawa,2,9448,4724.0,Kanagawa,Kanagawa
Kanazawa,1,23211,23211.0,Kanazawa,Kanazawa
Kanpur,4,67611,16902.75,Kanpur,Kanpur
Kanpur Uttar Pradesh,1,15359,15359.0,Kanpur uttar pradesh,Kanpur Uttar Pradesh
Kansas City,8,73340,9167.5,Kansas City,Kansas City
Kaohsiung,3,236485,78828.33333333333,composed,Composed
Karachi,3,55076,18358.666666666668,Karachi,Karachi
Karlsruhe,14,501593,35828.07142857143,Karlsruhe,Karlsruhe
Karnataka,1,77895,77895.0,Karnataka,Karnataka
Karur,1,27040,27040.0,Karur,Karur
Kathmandu,3,50096,16698.666666666668,Kathmandu,Kathmandu
Kaunas,1,30974,30974.0,Kaunas,Kaunas
Kazan,1,19570,19570.0,Kazan,Kazan
Keelung,1,19570,19570.0,Keelung,Keelung
Kelowna,2,32632,16316.0,Kowouli,Kowouli
Kent,2,212032,106016.0,Kent,Kent
Kentucky,1,30005,30005.0,Kentucky,Kentucky
Kerala,12,476603,39716.916666666664,Kerala,Kerala
Kerrville,1,11812,11812.0,Kerrville,Kerrville
Kfar Sava,1,30974,30974.0,KFAR Sava,Kfar Sava
Kharagpur,1,21627,21627.0,Kharagpur,Kharagpur
Kharghar,2,56747,28373.5,Kharghar,Kharghar
Kharkiv,1,17000,17000.0,Kharkiv,Kharkiv
Khon Kaen,1,37358,37358.0,Khon kaen,Khon Kaen
Kiel,1,29022,29022.0,As,As
Kigali,1,3727,3727.0,Kigali,Kigali
Kimberley,1,30595,30595.0,Kimberley,Kimberley
King George,1,171829,171829.0,King George,King George
Kingston,2,20959,10479.5,Kingston,Kingston
Kingston upon Thames,1,8101,8101.0,Kingston upon Thames,Kingston Upon Thames
Kirkland,3,24627,8209.0,Kirkland,Kirkland
Kirksville,1,21220,21220.0,Kirksville,Kirksville
Kitchener,1,77961,77961.0,Kitchener,Kitchener
Kleinmachnow near Berlin,1,22335,22335.0,Kleinmachnow Near Berlin,Kleinmachnow Near Berlin
Knowhere,1,19371,19371.0,Knowhere,Knowhere
Knoxville,4,190178,47544.5,Knoxville,Knoxville
Kocaeli,1,12053,12053.0,Kocaeli,Kocaeli
Kochi,8,288355,36044.375,Kochi,Kochi
Kolhapur,2,34645,17322.5,Kolhapur,Kolhapur
Kolkata,31,563728,18184.774193548383,Kolkata,Kolkata
Kongens Lyngby,1,6559,6559.0,Kongens Lyngby,Kongens Lyngby
Kongens Nytorv 6,1,19371,19371.0,Kongens Nytorv 6,Kongens Nytorv 6
Korea,5,41869,8373.8,Korea,Korea
Kosice,1,13062,13062.0,Kosice,Kosice
Kota Bandung,4,140987,35246.75,Bandung,Bandung
Kota Yogyakarta,2,30931,15465.5,Yogyakarta City,Yogyakarta City
Kotka,1,148290,148290.0,Kotka,Kotka
Kottayam,1,40203,40203.0,Kottayam,Kottayam
Krakow,3,74271,24757.0,Krakow,Krakow
Kraków,9,188845,20982.777777777777,Cracow,Cracow
Krasnoyarsk,1,148290,148290.0,Krasnoyarsk,Krasnoyarsk
Kreuzlingen,1,11812,11812.0,Crosslings,Crosslings
Kuala Lumpur,5,152936,30587.2,Kuala Lumpur,Kuala Lumpur
Kumamoto,1,26968,26968.0,Kumamoto,Kumamoto
Kunming,2,43365,21682.5,Kunming,Kunming
Kursk,1,6799,6799.0,Kursk,Kursk
Kyiv,9,390394,43377.11111111111,Kyiv,Kyiv
Kyoto,5,307938,61587.6,Kyoto,Kyoto
Kärnten,1,77895,77895.0,Carinthia,Carinthia
Köln,1,40203,40203.0,Köln,Köln
Königswinter,1,14647,14647.0,Royal winter,Royal Winter
København,6,81850,13641.666666666666,Copenhagen,Copenhagen
Køge,1,4325,4325.0,Køge,Køge
La Canada Flintridge,1,11599,11599.0,La Canada Flintridge,La Canada Flintridge
La Jolla,3,89153,29717.666666666668,THE JOLLA,The Jolla
La Plata,1,4425,4425.0,La Plata,La Plata
La Rue,1,56047,56047.0,The street,The Street
La Réunion,1,40203,40203.0,Reunion,Reunion
Lafayette,1,40472,40472.0,Lafayette,Lafayette
Lagos,36,717949,19943.027777777777,Lagos,Lagos
Lahore,20,755251,37762.55,Lahore,Lahore
Lake Washington,1,23211,23211.0,Lake Washington,Lake Washington
Lake Worth Beach,1,3459,3459.0,Lake Worth Beach,Lake Worth Beach
Lakewood,2,77399,38699.5,Lakewood,Lakewood
Lancaster,1,77895,77895.0,Lancaster,Lancaster
Landsol,1,23679,23679.0,Landsol,Landsol
Lansing,1,6425,6425.0,Lansing,Lansing
Las Palmas de Gran Canaria,3,39186,13062.0,Las Palmas de Gran Canaria,Las Palmas De Gran Canaria
Las Vegas,3,48911,16303.666666666666,Las Vegas,Las Vegas
Lasarte-oria,1,21220,21220.0,Lasarte-Oria,Lasarte-Oria
Lausanne,8,69248,8656.0,Lausanne,Lausanne
Lawndale,1,14647,14647.0,Lawndale,Lawndale
Lawrence,1,6559,6559.0,Lawrence,Lawrence
Le Chesnay,1,7980,7980.0,Le Chesnay,Le Chesnay
Le Pré des Dépends,1,27246,27246.0,The pre -dependent,The Pre -Dependent
Leamington Spa,1,49378,49378.0,Leamington Spa,Leamington Spa
Learmonth,1,53164,53164.0,Learmonth,Learmonth
Lecco,1,8101,8101.0,Lecco,Lecco
Lecture theater Complex (LT 2),1,12394,12394.0,Lecture theater Complex (LT 2),Lecture Theater Complex Lt 2
Leeds,1,171829,171829.0,Leeds,Leeds
Lehi,2,40902,20451.0,Lehi,Lehi
Leiden,3,125142,41714.0,Leiden,Leiden
Leipzig,4,236638,59159.5,Leipzig,Leipzig
Leixlip,3,23556,7852.0,Leixlip,Leixlip
Lenexa,1,23679,23679.0,Lenexa,Lenexa
Leuven,1,53164,53164.0,Leuven,Leuven
León,1,4525,4525.0,León,León
Lille,3,40324,13441.333333333334,Lille,Lille
Lima,4,78822,19705.5,Lima,Lima
Lima Metropolitana,1,5502,5502.0,Metropolitan Lima,Metropolitan Lima
Limassol,2,43683,21841.5,Limassol,Limassol
Limoges,1,11122,11122.0,Limoges,Limoges
Lincoln,1,5148,5148.0,Lincoln,Lincoln
Linköping,1,77895,77895.0,Linköping,Linköping
Lisboa,10,253479,25347.9,Lisboa,Lisboa
Lisbon,17,536503,31559.0,Lisbon,Lisbon
Lithuania,2,68404,34202.0,Lithuania,Lithuania
Little Rock,1,5502,5502.0,Little Rock,Little Rock
Liège,1,4425,4425.0,Liège,Liège
Ljubljana,3,49951,16650.333333333332,Ljubljana,Ljubljana
Lleida,1,62415,62415.0,Lleida,Lleida
LocalHost,3,36909,12303.0,LocalHost,Localhost
Lodz,1,36520,36520.0,Lodz,Lodz
Lokeren,1,11812,11812.0,Lokeren,Lokeren
London,242,6731758,27817.18181818182,London,London
Londrina,2,208349,104174.5,Londrina,Londrina
Long Beach,1,19371,19371.0,Long Beach,Long Beach
Longview,1,148290,148290.0,Longview,Longview
Loopback Drive,1,29501,29501.0,Loopback Drive,Loopback Drive
Los Alamos,1,21220,21220.0,Alamos,Alamos
Los Altos,1,5832,5832.0,The high ones,The High Ones
Los Altos Hills,1,23736,23736.0,The High Hills,The High Hills
Los Angeles,59,1834368,31090.98305084746,Los Angeles,Los Angeles
Los Gatos,4,63550,15887.5,The cats,The Cats
Louisiana,1,6559,6559.0,Louisiana,Louisiana
Louisville,4,268899,67224.75,Louisville,Louisville
Loveland,1,30005,30005.0,Loveland,Loveland
Lublin,1,3341,3341.0,Lublin,Lublin
Lucknow,8,159002,19875.25,Lucknow,Lucknow
Ludhiana,2,74150,37075.0,Ludhiana,Ludhiana
Ludwigsburg,1,5368,5368.0,Ludwigsburg,Ludwigsburg
Lugano,1,29022,29022.0,Lugano,Lugano
Lund,5,138384,27676.8,Lund,Lund
Luque,1,37358,37358.0,Luque,Luque
Luxembourg,7,299158,42736.857142857145,Luxembourg,Luxembourg
Lviv,2,13545,6772.5,Lviv,Lviv
Lyngby,1,29022,29022.0,Lyngby,Lyngby
Lynnwood,1,5100,5100.0,Lynnwood,Lynnwood
Lyon,13,500910,38531.53846153846,Lyon,Lyon
Lévis,1,11599,11599.0,Levi's,Levis
Lübeck,1,77961,77961.0,Lübeck,Lübeck
ME,1,34972,34972.0,ME,Me
METRO,1,77895,77895.0,METRO,Metro
MIami,1,8418,8418.0,MIami,Miami
MPLS Divisional Office,1,171829,171829.0,MPLS Divisional Office,Mpls Divisional Office
MTL,1,3685,3685.0,MTL,Mtl
MY ROOM,1,29370,29370.0,MY ROOM,My Room
Macclesfield,1,71312,71312.0,Macclesfield,Macclesfield
Maceio,1,30005,30005.0,Maceio,Maceio
Maceió,1,19570,19570.0,Maceió,Maceió
Madhya Pradesh,1,37244,37244.0,Madhya pradesh,Madhya Pradesh
Madison,13,152571,11736.23076923077,Madison,Madison
Madrid,45,1047265,23272.555555555555,Madrid,Madrid
Magdeburg,1,19972,19972.0,Magdeburg,Magdeburg
Maharashtra,2,42606,21303.0,Maharashtra,Maharashtra
Maine,2,9829,4914.5,Maine,Maine
Mainz,4,42279,10569.75,Mainz,Mainz
Malaga,2,83268,41634.0,Malaga,Malaga
Malappuram,1,5504,5504.0,Malappuram,Malappuram
Malaysia,8,312392,39049.0,Malaysia,Malaysia
Malinová,1,56047,56047.0,Malinová,Malinová
Mallard Point Remote non-electric canoe-in only campsite,1,40203,40203.0,Mallard Point Remote non-electric canoe-in only campsite,Mallard Point Remote Non-Electric Canoe-In Only Campsite
Malmö,1,9536,9536.0,Malmö,Malmö
Malta,4,104767,26191.75,Malta,Malta
Mammoth Lakes,1,23679,23679.0,Mammoth Lakes,Mammoth Lakes
Manassas,1,11633,11633.0,Manassas,Manassas
Manaus,1,27040,27040.0,Manaus,Manaus
Manchester,13,421562,32427.846153846152,Manchester,Manchester
Mandalore Ink,1,4334,4334.0,Mandalore Ink,Mandalore Ink
Mandi,1,13062,13062.0,Mandi,Mandi
Mangalore,1,77895,77895.0,Mangalore,Mangalore
Mangaluru,2,31531,15765.5,Mangaluru,Mangaluru
Manhattan,3,101120,33706.666666666664,Manhattan,Manhattan
Manila,1,19214,19214.0,Manila,Manila
Mannheim,5,78760,15752.0,Mannheim,Mannheim
Mansfield Woodhouse,1,62415,62415.0,Mansfield Woodhouse,Mansfield Woodhouse
Mansoura,1,27246,27246.0,Manoura,Manoura
Marietta,1,7913,7913.0,Marietta,Marietta
Marina,1,5468,5468.0,Marina,Marina
Maringá,1,77895,77895.0,Maringá,Maringá
Markham,1,39146,39146.0,Markham,Markham
Maroc ⵍⵎⵖⵔⵉⴱ المغرب,4,235962,58990.5,Maroc ⵍⵎⵖⵔⵉⴱ Morocco,Maroc ⵍⵎⵖⵔⵉⴱ Morocco
Mars,15,423104,28206.933333333334,Mars,Mars
Marseille,1,5832,5832.0,Marseille,Marseille
Martock,1,35079,35079.0,Martock,Martock
Maryland,3,217534,72511.33333333333,Maryland,Maryland
Mashhad,1,37244,37244.0,Mashhad,Mashhad
Mason,1,40041,40041.0,Mason,Mason
Massachusetts,2,79752,39876.0,Massachusetts,Massachusetts
Maui,1,7934,7934.0,Maui,Maui
Medan,1,77961,77961.0,While,While
Medellin,3,199207,66402.33333333333,Medellin,Medellin
Medellín,2,99522,49761.0,Medellín,Medellín
Meerbusch,1,30974,30974.0,Sea bush,Sea Bush
Melbourne,73,2118152,29015.780821917808,Melbourne,Melbourne
Melkweg,2,30309,15154.5,Galaxy,Galaxy
Melrose,1,23679,23679.0,Melrose,Melrose
Memories,1,7937,7937.0,Memories,Memories
Memorised up to 33.875,1,23679,23679.0,Memorised up to 33.875,Memorised Up To 33875
Mendocino,1,23679,23679.0,Mendocino,Mendocino
Menlo Park,18,263712,14650.666666666666,Menlo Park,Menlo Park
Merced,1,5693,5693.0,Merced,Merced
Metroplex Welding Supply,1,8218,8218.0,Metroplex Welding Supply,Metroplex Welding Supply
Metz,1,36240,36240.0,Metz,Metz
Mexico City,1,23211,23211.0,Mexico City,Mexico City
Miami,14,373689,26692.071428571428,Miami,Miami
Michigan,7,336018,48002.57142857143,Michigan,Michigan
Mid-Atlantic,1,171829,171829.0,Mid-Atlantic,Mid-Atlantic
Middletown,1,40203,40203.0,Middletown,Middletown
Milan,9,387156,43017.333333333336,Milan,Milan
Milano,6,178844,29807.333333333332,Milano,Milano
Milky Way,3,43426,14475.333333333334,Milky Way,Milky Way
Milkyway,1,7852,7852.0,Milkyway,Milkyway
Milpitas,2,50422,25211.0,Milpitas,Milpitas
Milwaukee,4,96343,24085.75,Milwaukee,Milwaukee
Minas Gerais,2,81730,40865.0,Minas Gerais,Minas Gerais
Minneapolis,10,226901,22690.1,Minneapolis,Minneapolis
Minnesota,4,47768,11942.0,Minnesota,Minnesota
Minsk,4,155599,38899.75,Minsk,Minsk
Mirandola,1,148290,148290.0,Mirandola,Mirandola
Mission,1,37358,37358.0,Mission,Mission
Mississauga,1,7511,7511.0,Mississauga,Mississauga
Missoula,3,47142,15714.0,Missoula,Missoula
Misurata,1,14647,14647.0,Measured,Measured
Miyota,1,23679,23679.0,Miyota,Miyota
Modena,2,54223,27111.5,Modena,Modena
Monroe,1,13062,13062.0,Monroe,Monroe
Montana,1,8418,8418.0,Montana,Montana
Monterrey,1,77895,77895.0,Monterrey,Monterrey
Montevideo,4,187020,46755.0,Montevideo,Montevideo
Montpellier,2,27175,13587.5,Montpellier,Montpellier
Montreal,23,517352,22493.565217391304,Montreal,Montreal
Montréal,34,1047983,30823.029411764703,Montréal,Montréal
Montélimar,1,30005,30005.0,Montélimar,Montélimar
Moorhead,1,5813,5813.0,Moorhead,Moorhead
Moradabad,1,10854,10854.0,Moradabad,Moradabad
Morning Mist Village,1,71195,71195.0,Morning Mist Village,Morning Mist Village
Morristown,1,29022,29022.0,Morristown,Morristown
Moscow,32,1331955,41623.59375,Moscow,Moscow
Mostar,1,30974,30974.0,Mostar,Mostar
Mostly Open,1,35079,35079.0,Mostly Open,Mostly Open
Mota Lava,1,10646,10646.0,Mota Lava,Mota Lava
Mouans-Sartoux,1,29501,29501.0,Mouans-Sartoux,Mouans-Sartoux
Mount Joy,1,13062,13062.0,Mount Joy,Mount Joy
Mount Rainier,1,29022,29022.0,Mount Rainier,Mount Rainier
Mountain,1,19286,19286.0,Mountain,Mountain
Mountain View,44,1372969,31203.840909090908,Mountain View,Mountain View
Mouscron,1,4425,4425.0,Mouscron,Mouscron
Muenster,1,37244,37244.0,Muenster,Muenster
Muhu,4,109854,27463.5,Muhu,Muhu
Mukilteo,1,3341,3341.0,Mukilteo,Mukilteo
Mulhouse,1,8218,8218.0,Mulhouse,Mulhouse
Multiverse,1,148290,148290.0,Multiverse,Multiverse
Mumbai,20,647300,32365.0,Mumbai,Mumbai
Mumbai Suburban,24,651978,27165.75,Mumbai Suburban,Mumbai Suburban
Munich,43,963857,22415.279069767443,Munich,Munich
Murcia,2,226185,113092.5,Murcia,Murcia
Muğla,1,18221,18221.0,Muğla,Muğla
My computer,1,77961,77961.0,My computer,My Computer
Málaga,4,237326,59331.5,Málaga,Málaga
México,2,12275,6137.5,Mexico,Mexico
Mülhein an der Rhur,1,4325,4325.0,Mülhein an der Rhur,Mülhein An Der Rhur
München,39,744385,19086.79487179487,München,München
Münster,4,52722,13180.5,Münster,Münster
NC,1,23679,23679.0,NC,Nc
NCR,1,49378,49378.0,NCR,Ncr
NH London Kensington,1,26585,26585.0,NH London Kensington,Nh London Kensington
NIT Agartala,1,16926,16926.0,NIT Agartala,Nit Agartala
NIT Hamirpur,1,29022,29022.0,Nit Hamirpur,Nit Hamirpur
NN,2,15704,7852.0,NN,Nn
NTNU,1,29022,29022.0,Ntnu,Ntnu
NY,4,124236,31059.0,The,The
NY NY,1,29022,29022.0,The,The
NYC,2,88136,44068.0,NYC,Nyc
,1,22803,22803.0,,
Nagercoil,1,8375,8375.0,Nagercoil,Nagercoil
Nagpur,2,16602,8301.0,Nagpur,Nagpur
Nagpur City,2,31821,15910.5,Nagpur City,Nagpur City
Nainital,1,13334,13334.0,Nainital,Nainital
Nairobi,7,185901,26557.285714285714,Nairobi,Nairobi
Naju,1,29022,29022.0,Us,Us
Namyangju,1,11812,11812.0,Namyangju,Namyangju
NanJing,1,14777,14777.0,NanJing,Nanjing
Nancy,1,62415,62415.0,Nancy,Nancy
Nandura,1,7852,7852.0,Nandura,Nandura
Nanjing,5,219927,43985.4,Nanjing,Nanjing
Nantes,6,428075,71345.83333333333,Nantes,Nantes
Nantwich,1,21220,21220.0,Nantwich,Nantwich
Naples,1,4150,4150.0,Naples,Naples
Napoli,1,11633,11633.0,Napoli,Napoli
Nashik,4,117906,29476.5,Nashik,Nashik
Nashville,8,205593,25699.125,Nashville,Nashville
Natal,2,41222,20611.0,Natal,Natal
Natick,1,23736,23736.0,Natick,Natick
National Remote Sensing Centre,1,49378,49378.0,National Remote Sensing Centre,National Remote Sensing Centre
Navi Mumbai,1,5813,5813.0,Navi Mumbai,Navi Mumbai
Nederland,81,2957893,36517.1975308642,The Netherlands,The Netherlands
Negros Oriental,1,37244,37244.0,Eastern blacks,Eastern Blacks
Nelson,1,7980,7980.0,Nelson,Nelson
Nelson City,1,7980,7980.0,Nelson City,Nelson City
Nesoddtangen,1,36240,36240.0,The nose rod,The Nose Rod
Netherlands,2,43352,21676.0,Netherlands,Netherlands
Neumarkt,1,21220,21220.0,New market,New Market
New Castle,1,40203,40203.0,New Castle,New Castle
New Delhi,33,745656,22595.636363636364,New Delhi,New Delhi
New Hampshire,1,5832,5832.0,New Hampshire,New Hampshire
New Haven,2,111635,55817.5,New Haven,New Haven
New Jersey,8,327014,40876.75,New Jersey,New Jersey
New York,87,2415314,27762.22988505747,New York,New York
New York City,8,155497,19437.125,New York City,New York City
New Zealand / Aotearoa,17,398904,23464.941176470587,New Zealand / Aotearoa,New Zealand Aotearoa
Newark,1,71195,71195.0,Newark,Newark
Newcastle upon Tyne,2,49261,24630.5,Newcastle upon Tyne,Newcastle Upon Tyne
Newport Beach,1,19570,19570.0,Newport Beach,Newport Beach
Nicaragua,2,27588,13794.0,Nicaragua,Nicaragua
Nice,1,6171,6171.0,Nice,Nice
Nicosia,1,77961,77961.0,Nicosia,Nicosia
Nigeria,1,171829,171829.0,Nigeria,Nigeria
Nijmegen,2,200851,100425.5,Nijmegen,Nijmegen
Nijmegen area,1,4425,4425.0,Nijmegen Area,Nijmegen Area
Ningbo,1,22803,22803.0,Ningbo,Ningbo
Nishinomiya City,1,5148,5148.0,Nishinomiya City,Nishinomiya City
Nizhniy Novgorod,1,7852,7852.0,Nizhniy Novgorod,Nizhniy Novgorod
Nizhny Novgorod,7,109527,15646.714285714286,Nizhny Novgorod,Nizhny Novgorod
Nizhny Novrogod,1,7852,7852.0,Nizhny Novrogod,Nizhny Novrogod
No. 485,1,4741,4741.0,No. 485,No 485
No. 66 New Model Road,1,13334,13334.0,No. 66 New Model Road,No 66 New Model Road
NoMad,3,22652,7550.666666666667,NoMad,Nomad
Noida,2,20547,10273.5,Noida,Noida
Nomad - currently in Prague,1,171829,171829.0,Nomad - currently in Prague,Nomad - Currently In Prague
Nomad Digital GmbH,2,38727,19363.5,Nomad Digital GmbH,Nomad Digital Gmbh
Nomad club,1,53164,53164.0,Nomad club,Nomad Club
Nord,1,77895,77895.0,Nord,Nord
North America,1,5372,5372.0,North America,North America
North Atlantic Ocean,1,148290,148290.0,North Atlantic Ocean,North Atlantic Ocean
North Carolina,8,355369,44421.125,North Carolina,North Carolina
North Pole,1,77895,77895.0,North Pole,North Pole
North Vancouver,1,7917,7917.0,North Vancouver,North Vancouver
North West,1,37358,37358.0,North West,North West
North Yarmouth,1,21220,21220.0,North Yarmouth,North Yarmouth
Norway,1,36520,36520.0,Norway,Norway
Norwich,1,8218,8218.0,Norwich,Norwich
Nottingham,2,9326,4663.0,Nottingham,Nottingham
Nova,1,5504,5504.0,Nova,Nova
Nova Scotia,1,19093,19093.0,New Scotia,New Scotia
Novi Sad,1,3448,3448.0,Novi Sad,Novi Sad
Nowe Miasto,1,10938,10938.0,New Town,New Town
Nowhere,1,29022,29022.0,Nowhere,Nowhere
Nuernberg,1,71312,71312.0,Nuernberg,Nuernberg
Nuestra Señora del Rosario de Pompeya de Puyo,2,108935,54467.5,Our Lady of the Rosary of Pompeya de Puyo,Our Lady Of The Rosary Of Pompeya De Puyo
Nuremberg,2,149273,74636.5,Nuremberg,Nuremberg
N{O,1,4853,4853.0,N {o,N O
Nürnberg,3,72653,24217.666666666668,Nuremberg,Nuremberg
OH,1,36240,36240.0,OH,Oh
ON,2,50049,25024.5,ON,On
OR,1,7852,7852.0,OR,Or
Oak Creek,1,40041,40041.0,Oak Creek,Oak Creek
Oakland,12,198165,16513.75,Oakland,Oakland
Oakville,1,8195,8195.0,Oakville,Oakville
Oasis Waters International,1,8023,8023.0,Oasis Waters International,Oasis Waters International
Odesa,1,3448,3448.0,Odessa,Odessa
Odisha,1,5502,5502.0,Odisha,Odisha
Ogijares,1,19570,19570.0,Ogijares,Ogijares
Ohio,4,364936,91234.0,Ohio,Ohio
Oita,1,148290,148290.0,Do,Do
Oldenburg,3,48873,16291.0,Oldenburg,Oldenburg
Olympia,1,8557,8557.0,Olympia,Olympia
Olympus Mons,1,29022,29022.0,Olympus Mons,Olympus Mons
Omaha,4,102622,25655.5,Omaha,Omaha
Oman Topaz,1,27040,27040.0,Oman Topaz,Oman Topaz
On The Road,1,36153,36153.0,On The Road,On The Road
Ongole,1,19570,19570.0,Credit,Credit
Online,4,37974,9493.5,Online,Online
Ontario,12,314698,26224.833333333332,Ontario,Ontario
Open secrets,1,11633,11633.0,Open secrets,Open Secrets
Oradea,1,77961,77961.0,Oradea,Oradea
Oran,4,88628,22157.0,Oran,Oran
Orange County,4,67870,16967.5,Orange County,Orange County
Oregon,6,387849,64641.5,Oregon,Oregon
Orlando,8,202453,25306.625,Orlando,Orlando
Orsay,1,30974,30974.0,Orsay,Orsay
Osaka,5,84559,16911.8,Osaka,Osaka
Oslo,30,797041,26568.033333333333,Oslo,Oslo
Osnabrück,2,44670,22335.0,Osnabrück,Osnabrück
Ottawa,11,232827,21166.090909090908,Ottawa,Ottawa
Ouaka,39,1425249,36544.84615384616,OUuaka,Ouuaka
Outer Heaven Espresso,1,23679,23679.0,Outer Heaven Espresso,Outer Heaven Espresso
Owczarnia,1,3341,3341.0,Fold,Fold
Owerri,1,3448,3448.0,Owerri,Owerri
Oxford,11,392836,35712.36363636364,Oxford,Oxford
Oʻahu,1,23736,23736.0,O'ahu,Oahu
Oʻzbekiston,1,26968,26968.0,Uzbekistan,Uzbekistan
P&R,1,4474,4474.0,P&R,Pr
PRC,9,70668,7852.0,PRC,Prc
Pabu,1,11599,11599.0,Paved,Paved
Pacatuba,1,6268,6268.0,Pacatuba,Pacatuba
Pachalik de Benguerir باشوية ابن جرير,1,11633,11633.0,Pachalik de BenGuerir Bashwa Ibn Jarir,Pachalik De Benguerir Bashwa Ibn Jarir
Pacific Grove,1,19986,19986.0,Pacific Grove,Pacific Grove
Pacific Northwest,2,32097,16048.5,Pacific Northwest,Pacific Northwest
Pacific Ocean,1,7852,7852.0,Pacific Ocean,Pacific Ocean
Paderborn,2,23720,11860.0,Paderborn,Paderborn
Padua,1,62415,62415.0,Padua,Padua
Palm Beach,1,36520,36520.0,Palm Beach,Palm Beach
Palma,1,77895,77895.0,Palma,Palma
Palo Alto,21,587185,27961.190476190477,Palo Alto,Palo Alto
Panamá,1,27246,27246.0,Panama,Panama
Pangaea Land of the Dinosaurs,1,27246,27246.0,Pangaea Land of the Dinosaurs,Pangaea Land Of The Dinosaurs
Pangyo,1,29022,29022.0,Pray,Pray
Panvel,1,8218,8218.0,Panvel,Panvel
Paraná,1,6268,6268.0,Paraná,Paraná
Paris,157,4554036,29006.59872611465,Paris,Paris
Park City,3,40395,13465.0,Park City,Park City
Paso Robles,1,77895,77895.0,Step Robles,Step Robles
Passau,2,186011,93005.5,Passau,Passau
Patiala,2,34852,17426.0,Patiala,Patiala
Patna,2,83797,41898.5,Patna,Patna
Pavia,1,17000,17000.0,Pavia,Pavia
Peking,1,12510,12510.0,Peking,Peking
Pender Island,1,14711,14711.0,Pender Island,Pender Island
Pennsylvania,5,192318,38463.6,Pennsylvania,Pennsylvania
Perth,7,259192,37027.42857142857,Perth,Perth
Peshawar,1,15359,15359.0,Peshawar,Peshawar
Philadelphia,17,426135,25066.764705882353,Philadelphia,Philadelphia
Philippines,1,10938,10938.0,Philippines,Philippines
Phnom Penh,1,27246,27246.0,Phnom penh,Phnom Penh
Phoenix,12,304956,25413.0,Phoenix,Phoenix
Phuket,1,23679,23679.0,Phuket,Phuket
Pilipinas,4,35122,8780.5,Pilipinas,Pilipinas
Pindamonhangaba,2,89661,44830.5,Pindamonhangaba,Pindamonhangaba
Pindorama,1,3372,3372.0,Pindorama,Pindorama
Pittsburgh,22,488972,22226.0,Pittsburgh,Pittsburgh
Pizza Planet,1,19570,19570.0,Pizza Planet,Pizza Planet
Planet Earth,9,349145,38793.88888888889,Planet Earth,Planet Earth
Plano,1,23211,23211.0,Plano,Plano
Plouguerneau,1,8023,8023.0,Plouguerneau,Plouguerneau
Plovdiv,2,44220,22110.0,Plovdiv,Plovdiv
Pluto,2,19575,9787.5,Pluto,Pluto
Plymouth,1,11687,11687.0,Plymouth,Plymouth
Pohang,1,29022,29022.0,Pohang,Pohang
Poitiers,1,21627,21627.0,Poitiers,Poitiers
Pokhara,1,29501,29501.0,Pokhara,Pokhara
Poland,8,98477,12309.625,Poland,Poland
Polska,35,781480,22328.0,Poland,Poland
Port-aux-Français,1,36520,36520.0,Port-aux-Français,Port-Aux-Français
Portland,42,1052463,25058.64285714286,Portland,Portland
Portland East,1,5622,5622.0,Portland East,Portland East
Porto,12,298023,24835.25,Porto,Porto
Porto Alegre,7,321642,45948.857142857145,Porto Alegre,Porto Alegre
Porto Alegre/RS,1,8405,8405.0,Porto Alegre/RS,Porto Alegrers
Portsmouth,1,21220,21220.0,Portsmouth,Portsmouth
Portugal,19,480289,25278.36842105263,Portugal,Portugal
Potsdam,5,47602,9520.4,Potsdam,Potsdam
Potsdam/Berlin,1,30974,30974.0,Potsdam/Berlin,Potsdamberlin
Pottawatomie County,1,21220,21220.0,Pottawatomie County,Pottawatomie County
Pouso Alegre,1,19570,19570.0,Pouso Alegre,Pouso Alegre
Poznan,1,30974,30974.0,Poznan,Poznan
Poznań,4,163776,40944.0,Poznań,Poznań
Poços de Caldas,1,5813,5813.0,Poços de Caldas,Poços De Caldas
Prague,16,334758,20922.375,Prague,Prague
Praha,1,13062,13062.0,Prague,Prague
Prayagraj,3,41250,13750.0,Click Download to save Prayagraj,Click Download To Save Prayagraj
Prelog,1,8023,8023.0,Prelog,Prelog
Princeton,12,221883,18490.25,Princeton,Princeton
Providence,5,129835,25967.0,Providence,Providence
Provincia di Trento,1,19371,19371.0,Province of Trento,Province Of Trento
Provo,1,77961,77961.0,Provo,Provo
Provo Utah,1,13062,13062.0,Provo utah,Provo Utah
Pudong,1,71195,71195.0,Pudong,Pudong
Puebla,1,171829,171829.0,Puebla,Puebla
Pueblo,1,8101,8101.0,Pueblo,Pueblo
Pundhag,1,40041,40041.0,Pundhag,Pundhag
Pune,15,494412,32960.8,Pune,Pune
Pune City,23,567336,24666.782608695652,Pune City,Pune City
Punjab,1,56047,56047.0,Punjab,Punjab
Purwokerto,1,20905,20905.0,Purwokerto,Purwokerto
Puyallup,1,9513,9513.0,Puyallup,Puyallup
Qingdao,3,127401,42467.0,Qingdao,Qingdao
Quanzhou,1,10938,10938.0,Quanzhou,Quanzhou
Quebec,4,84846,21211.5,Quebec,Quebec
Quebec City,1,29022,29022.0,Quebec City,Quebec City
Queen Creek,1,29501,29501.0,Queen Creek,Queen Creek
Quezon City,2,50982,25491.0,Quezon City,Quezon City
Quito,2,55937,27968.5,Quito,Quito
Québec,4,75265,18816.25,Québec,Québec
Québec City,2,53464,26732.0,Québec City,Québec City
RCKiK Poznań OT Nowy Tomyśl,1,3263,3263.0,RCKiK Poznań OT Nowy Tomyśl,Rckik Poznań Ot Nowy Tomyśl
RF4C+GM6,1,49378,49378.0,RF4C+GM6,Rf4Cgm6
RNB,1,7852,7852.0,RNB,Rnb
RTP,1,71312,71312.0,RTP,Rtp
Rabat,2,16024,8012.0,Rabat,Rabat
Raipur,2,16070,8035.0,Raipur,Raipur
Rajasthan,2,35464,17732.0,Rajasthan,Rajasthan
Rajiv Gandhi International Airport,1,4853,4853.0,Rajiv Gandhi International Airport,Rajiv Gandhi International Airport
Raleigh,13,869340,66872.30769230769,Raleigh,Raleigh
Ramat Gan,1,15359,15359.0,Ramat gan,Ramat Gan
Ranchi,1,40203,40203.0,Ranchi,Ranchi
Randers,1,14182,14182.0,Randers,Randers
Random Cottage,1,3688,3688.0,Random Cottage,Random Cottage
Rapid City,1,39146,39146.0,Rapid City,Rapid City
Reading,3,24750,8250.0,Reading,Reading
Recife,6,117816,19636.0,Recife,Recife
Recklinghausen,1,6090,6090.0,Recklinghausen,Recklinghausen
Redmond,49,1255429,25621.0,Redmond,Redmond
Redwood City,1,26968,26968.0,Redwood City,Redwood City
Regensburg,3,80317,26772.333333333332,Regensburg,Regensburg
Reims,1,3448,3448.0,Reims,Reims
Remote,41,960874,23435.951219512193,Remote,Remote
Rennes,3,118569,39523.0,Rennes,Rennes
Reno,3,209271,69757.0,Reno,Reno
Republic of Korea,1,19570,19570.0,Republic of Korea,Republic Of Korea
Reston,1,19570,19570.0,Reston,Reston
Restoran Wu Han,1,22803,22803.0,Wu Han Restaurant,Wu Han Restaurant
Rethymno,1,5813,5813.0,Rethymno,Rethymno
Reykjavík,2,22400,11200.0,Reykjavík,Reykjavík
Rhode Island,3,94187,31395.666666666668,Rhode Island,Rhode Island
Richardson,1,4335,4335.0,Richardson,Richardson
Richmond,4,147323,36830.75,Richmond,Richmond
Riga,2,26688,13344.0,Riga,Riga
Rillieux-la-Pape,1,8023,8023.0,Rillieux-la-Pape,Rillieux-La-Pape
Ring,1,22803,22803.0,Ring,Ring
Rio Grande do Norte,1,7511,7511.0,Rio Grande do Norte,Rio Grande Do Norte
Rio Grande do Sul,1,37358,37358.0,Rio Grande do Sul,Rio Grande Do Sul
Rio de Janeiro,12,356132,29677.666666666668,Rio de Janeiro,Rio De Janeiro
Riverside,1,8218,8218.0,Riverside,Riverside
Riverside County,1,30595,30595.0,Riverside County,Riverside County
Riyadh,2,226185,113092.5,Riyadh,Riyadh
Riyadh الرياض,3,124427,41475.666666666664,RIYADH Riyadh,Riyadh Riyadh
Roanoke,1,8101,8101.0,Roanoke,Roanoke
Rochester,4,134103,33525.75,Rochester,Rochester
Rockville,1,19371,19371.0,Rockville,Rockville
Rojales,1,11812,11812.0,Royales,Royales
Roma,8,126597,15824.625,Roma,Roma
Romania,1,7852,7852.0,Romania,Romania
Rome,6,162381,27063.5,Rome,Rome
România,7,220120,31445.714285714286,Romania,Romania
Rondonópolis,1,23211,23211.0,Rondonópolis,Rondonópolis
Rosendale,1,14695,14695.0,Rosendale,Rosendale
Roseville,1,11812,11812.0,Roseville,Roseville
Rotterdam,6,171082,28513.666666666668,Rotterdam,Rotterdam
Rouen,2,27304,13652.0,Rouen,Rouen
Royal Leamington Spa,1,23211,23211.0,Royal Leamington Spa,Royal Leamington Spa
Rua Mariano Procópio,1,5470,5470.0,Rua Mariano Procopio,Rua Mariano Procopio
Runway,1,8418,8418.0,Runway,Runway
Russia,31,627781,20251.0,Russia,Russia
Russian Federation,2,11738,5869.0,Russian Federation,Russian Federation
Rwanda,1,17000,17000.0,Rwanda,Rwanda
Rīga,1,5372,5372.0,Riga,Riga
SF Bay Area,3,71401,23800.333333333332,SF Bay Area,Sf Bay Area
SF Lower Primary School,2,9270,4635.0,SF Lower Primary School,Sf Lower Primary School
SLC,1,11687,11687.0,SLC,Slc
SOL,1,148290,148290.0,SOL,Sol
Saarbrücken,1,49378,49378.0,Saarbrücken,Saarbrücken
Saclay,1,29022,29022.0,Saclay,Saclay
Sacramento,4,65512,16378.0,Sacramento,Sacramento
Saida,1,9536,9536.0,Brave,Brave
Saint Augustine,1,40041,40041.0,Saint Augustine,Saint Augustine
Saint Cloud,1,4206,4206.0,Saint Cloud,Saint Cloud
Saint Johns,1,4206,4206.0,Saint Johns,Saint Johns
Saint Louis,2,175330,87665.0,Saint Louis,Saint Louis
Saint Petersburg,1,6559,6559.0,Saint Petersburg,Saint Petersburg
Saint-Lazare,1,40041,40041.0,Saint-Lazare,Saint-Lazare
Saint-Malo,1,8101,8101.0,Saint-Malo,Saint-Malo
Saint-Pete,1,77961,77961.0,Saint-Pete,Saint-Pete
Saitama,1,71195,71195.0,Saitama,Saitama
Sakarya,1,3459,3459.0,Sakarya,Sakarya
Salem,4,223789,55947.25,Salem,Salem
Salem Oregon,1,16826,16826.0,Salem Oregon,Salem Oregon
Salinas,1,15359,15359.0,Salinas,Salinas
Salt Lake City,16,485175,30323.4375,Salt Lake City,Salt Lake City
Salt lake city,1,23211,23211.0,Salt lake city,Salt Lake City
Saltillo,1,27040,27040.0,Saltillo,Saltillo
Salzburg,1,22335,22335.0,Salzburg,Salzburg
Samara,1,6777,6777.0,Samara,Samara
Samsun,1,5502,5502.0,Samsun,Samsun
San Antonio,1,40041,40041.0,San Antonio,San Antonio
San Bruno,1,29501,29501.0,San Bruno,San Bruno
San Diego,24,701949,29247.875,San Diego,San Diego
San Francisco,425,9851971,23181.10823529412,San Francisco,San Francisco
San Francisco Bay Area,80,1796106,22451.325,San Francisco Bay Area,San Francisco Bay Area
San Fransisco,3,61127,20375.666666666668,San Fransisco,San Fransisco
San Jose,22,292448,13293.09090909091,San Jose,San Jose
San Luis Obispo,1,29022,29022.0,San Luis Bishop,San Luis Bishop
San Mateo,7,262767,37538.142857142855,San Mateo,San Mateo
San Mateo County,1,29501,29501.0,San Mateo County,San Mateo County
San Ramon,1,8557,8557.0,San Ramon,San Ramon
Sandviken,1,40203,40203.0,Sandviken,Sandviken
Sanfrancisco,1,19371,19371.0,Sanfrancisco,Sanfrancisco
Sant Cugat del Vallès,1,22335,22335.0,Sant Cugat del Vallès,Sant Cugat Del Vallès
Sant Fost de Campsentelles,1,6425,6425.0,Sant Fost de Campsentelles,Sant Fost De Campsentelles
Santa Barbara,1,8420,8420.0,Santa Barbara,Santa Barbara
Santa Catarina,1,4325,4325.0,Santa Catarina,Santa Catarina
Santa Clara,15,268801,17920.066666666666,Santa Clara,Santa Clara
Santa Cruz,4,60325,15081.25,Santa Cruz,Santa Cruz
Santa Cruz Mountains,1,11687,11687.0,Santa Cruz Mountains,Santa Cruz Mountains
Santa Cruz de Tenerife,1,8360,8360.0,Santa Cruz de Tenerife,Santa Cruz De Tenerife
Santa Helena,1,77961,77961.0,Santa Helena,Santa Helena
Santa Monica,3,82125,27375.0,Santa Monica,Santa Monica
Santa-Barbara,1,148290,148290.0,Santa-Barbara,Santa-Barbara
Santander,2,40565,20282.5,Santander,Santander
Santiago,8,221909,27738.625,Santiago,Santiago
Santiago de Compostela,1,12053,12053.0,Santiago de Compostela,Santiago De Compostela
Santo Domingo,1,40041,40041.0,Santo Domingo,Santo Domingo
Santo Domingo de Guzmán,1,77895,77895.0,Santo Domingo de Guzmán,Santo Domingo De Guzmán
Sanya,1,3448,3448.0,Place,Place
Sao Carlos,1,4325,4325.0,Sao Carlos,Sao Carlos
Sapporo,1,71195,71195.0,Sapporo,Sapporo
Saratoga,1,8420,8420.0,Saratoga,Saratoga
Sardigna/Sardegna,1,6495,6495.0,Sardinia / Sardinia,Sardinia Sardinia
Scandicci (FI),1,19570,19570.0,Scandicci (fi),Scandicci Fi
Scarborough,1,77961,77961.0,Scarborough,Scarborough
Schagen,1,6559,6559.0,Schagen,Schagen
Schengen,1,171829,171829.0,Schengen,Schengen
Schirnding,1,6272,6272.0,Scantling,Scantling
Schwaebisch Gmuend,1,37244,37244.0,Swapabies GMUnt,Swapabies Gmunt
Schweiz/Suisse/Svizzera/Svizra,52,1518732,29206.384615384617,Schweiz/Suisse/Switzerland/Swiss,Schweizsuisseswitzerlandswiss
Seattle,171,3907049,22848.23976608187,Seattle,Seattle
Sedgefield,1,5504,5504.0,Sedgefield,Sedgefield
Seoul,73,2392689,32776.561643835616,Seoul,Seoul
Seoul Korea,1,19570,19570.0,Seoul Korea,Seoul Korea
Serbia,1,11633,11633.0,Serbia,Serbia
Serra do Açor,1,6425,6425.0,Serra do Açor,Serra Do Açor
Serris,1,171829,171829.0,Tight,Tight
Setia Alam,1,36240,36240.0,Faithful,Faithful
Sevilla,1,7760,7760.0,Sevilla,Sevilla
Seville,1,7760,7760.0,Seville,Seville
Sf,1,4206,4206.0,Sf,Sf
Sha Tin,1,40323,40323.0,Sha Tin,Sha Tin
Shaanxi,1,71195,71195.0,Shaanxi,Shaanxi
Shadows,1,3372,3372.0,Shadows,Shadows
ShanDong,1,22803,22803.0,ShanDong,Shandong
ShangHai,10,376380,37638.0,ShangHai,Shanghai
Shanghai,79,2306216,29192.607594936708,Shanghai,Shanghai
Shanghai / Hangzhou,1,4456,4456.0,Shanghai / Hangzhou,Shanghai Hangzhou
ShanghaiTech University,1,22335,22335.0,ShanghaiTech University,Shanghaitech University
Sheffield,4,49101,12275.25,Sheffield,Sheffield
Shefford,1,21220,21220.0,Shefford,Shefford
Shen Zhen,1,40323,40323.0,Shen Zhen,Shen Zhen
ShenZhen,6,291559,48593.166666666664,ShenZhen,Shenzhen
Shenzhen,26,697609,26831.115384615383,Shenzhen,Shenzhen
Shenzhen City,1,71195,71195.0,Shenzhen City,Shenzhen City
Sherbrooke,1,29022,29022.0,Sherbrooke,Sherbrooke
Sheridan,1,27040,27040.0,Lion,Lion
Shibuya,1,148290,148290.0,Shibuya,Shibuya
SiT Soppen studentbarnehage,1,5989,5989.0,Sit mushroom student kindergarten,Sit Mushroom Student Kindergarten
Sibiu,1,37244,37244.0,Sibiu,Sibiu
Sichuan,1,19972,19972.0,Sichuan,Sichuan
Siegen,1,77895,77895.0,Win,Win
Siena,1,8101,8101.0,Siena,Siena
Sierra Nevada,1,5832,5832.0,Sierra Nevada,Sierra Nevada
Sigüenza,1,39146,39146.0,Sigüenza,Sigüenza
Silesia,1,171829,171829.0,Silesia,Silesia
Silicon Slopes,1,17000,17000.0,Silicon Slopes,Silicon Slopes
Silicon Valley,4,98583,24645.75,Silicon Valley,Silicon Valley
Siliguri,1,6272,6272.0,Siliguri,Siliguri
Simon Fraser University,1,5368,5368.0,Simon Fraser University,Simon Fraser University
Singapore,144,5324888,36978.38888888889,Singapore,Singapore
Singapore Strait,1,10938,10938.0,Singapore Strait,Singapore Strait
Sinsheim,1,6090,6090.0,Sinsheim,Sinsheim
Sioux Falls,2,8791,4395.5,Sioux Falls,Sioux Falls
Site 19,1,148290,148290.0,Site 19,Site 19
Skoghall,1,19570,19570.0,Skoghall,Skoghall
Skokie,1,19371,19371.0,Skokie,Skokie
Skopje,5,204401,40880.2,Scoop,Scoop
Skövde,1,26365,26365.0,Skövde,Skövde
Sḵwx̱wú7mesh,1,5813,5813.0,SḵWXWú7mesh,Sḵwxwú7Mesh
Slovakia,1,15359,15359.0,Slovakia,Slovakia
Slovenija,6,125876,20979.333333333332,Slovenia,Slovenia
Slovensko,3,44782,14927.333333333334,Slovakia,Slovakia
Snoqualmie,1,13062,13062.0,Snoqualmie,Snoqualmie
Sofia,5,262503,52500.6,Sofia,Sofia
Solar System,2,83429,41714.5,Solar System,Solar System
Solomon Islands,1,11552,11552.0,Solomon Islands,Solomon Islands
Somerset West,1,3341,3341.0,Somerset West,Somerset West
Somerville,2,58708,29354.0,Somerville,Somerville
Somewhere,4,359827,89956.75,Somewhere,Somewhere
Somewhere beautiful,1,36520,36520.0,Somewhere beautiful,Somewhere Beautiful
Somewhere in Detroit,1,11552,11552.0,Somewhere in Detroit,Somewhere In Detroit
Sophia Antipolis,3,74693,24897.666666666668,Sophia Antipolis,Sophia Antipolis
Sosnowiec,1,23679,23679.0,Sosnowiec,Sosnowiec
South Africa,1,30974,30974.0,South Africa,South Africa
South Bend,1,23679,23679.0,South Bend,South Bend
South Carolina,3,233252,77750.66666666667,South Carolina,South Carolina
South Florida,1,5813,5813.0,South Florida,South Florida
South Kensington,1,14182,14182.0,South Kensington,South Kensington
South Korea,3,160567,53522.333333333336,South Korea,South Korea
South Mumbai,1,27246,27246.0,South Mumbai,South Mumbai
South Tyrol,1,21220,21220.0,South Tyrol,South Tyrol
South Wales,1,21220,21220.0,South Wales,South Wales
Southampton,1,8218,8218.0,Southampton,Southampton
Southern California,3,56941,18980.333333333332,Southern California,Southern California
Southern Oregon University,1,4536,4536.0,Southern Oregon University,Southern Oregon University
Southport,1,37244,37244.0,Southport,Southport
Spain,1,11812,11812.0,Spain,Spain
Spanish Fork,1,11122,11122.0,Spanish Fork,Spanish Fork
Split,1,29022,29022.0,Split,Split
Springfield,2,34127,17063.5,Springfield,Springfield
Squamish,1,21220,21220.0,Squamish,Squamish
Sri Lanka,11,216992,19726.545454545456,Sri Lanka,Sri Lanka
Srinagar,1,16926,16926.0,Srinagar,Srinagar
St Augustine,1,49378,49378.0,St Augustine,St Augustine
St Louis,1,14711,14711.0,St louis,St Louis
St Paul,1,14182,14182.0,St Paul,St Paul
St. John's,3,165392,55130.666666666664,St. John's,St Johns
St. Louis,7,195278,27896.85714285714,St. Louis,St Louis
St. Petersburg,3,55324,18441.333333333332,St. Petersburg,St Petersburg
St.-Petersburg,1,6487,6487.0,St.-Petersburg,St-Petersburg
StJ,1,39146,39146.0,STJ,Stj
Stanford,9,148101,16455.666666666668,Stanford,Stanford
State College,3,109104,36368.0,State College,State College
Stavanger,1,16826,16826.0,Stavanger,Stavanger
Stellenbosch,1,19286,19286.0,Stellenbosch,Stellenbosch
Steubenville,1,171829,171829.0,Steubenville,Steubenville
Stockern,1,62415,62415.0,Hesitate,Hesitate
Stockholm,52,2419490,46528.65384615384,Stockholm,Stockholm
Stony Brook,2,35006,17503.0,Stony Brook,Stony Brook
Stranraer and Wigtownshire Free Press,1,62415,62415.0,Stranraer and Wigtownshire Free Press,Stranraer And Wigtownshire Free Press
Strasbourg,3,43314,14438.0,Strasbourg,Strasbourg
Stuttgart,11,245634,22330.363636363636,Stuttgart,Stuttgart
Sudbury,1,14182,14182.0,Sudbury,Sudbury
Sugar Land,1,26968,26968.0,Sugar Land,Sugar Land
Sukabumi,1,6268,6268.0,Sukabumi,Sukabumi
Summit,1,6559,6559.0,Summit,Summit
Sunnyvale,18,308921,17162.277777777777,Sunnyvale,Sunnyvale
Sunshine Coast,1,77895,77895.0,Sunshine Coast,Sunshine Coast
Sunshine Coast Regional,1,6272,6272.0,Sunshine Coast Regional,Sunshine Coast Regional
Suomi / Finland,22,759782,34535.545454545456,Finland / Finland,Finland Finland
Surabaya,1,6425,6425.0,Surabaya,Surabaya
Surakarta,1,5502,5502.0,Surakarta,Surakarta
Surat,8,149311,18663.875,Surat,Surat
Surulere,1,5813,5813.0,Surulate,Surulate
Suttgart,1,14182,14182.0,Suttgart,Suttgart
Suwon,1,11687,11687.0,Suwon,Suwon
Suwon-si,1,71312,71312.0,Slop,Slop
Suzhou,7,284793,40684.71428571428,Suzhou,Suzhou
Sverige,40,1061655,26541.375,Sweden,Sweden
Sveti Stefan,1,36240,36240.0,St. Stefan,St Stefan
Swansea,1,19570,19570.0,Swansea,Swansea
Swat,1,18221,18221.0,Swat,Swat
Sweden,1,6777,6777.0,Sweden,Sweden
Swindon,1,7852,7852.0,Swindon,Swindon
Switzerland,1,148290,148290.0,Switzerland,Switzerland
Sydney,40,1453234,36330.85,Sydney,Sydney
Sylhet,2,33148,16574.0,Sylhet,Sylhet
Syracuse,1,29574,29574.0,Syracuse,Syracuse
Szcecin,1,12394,12394.0,Szcecin,Szcecin
Szeged,1,40041,40041.0,Szeged,Szeged
Sài Gòn,1,4510,4510.0,Saigon,Saigon
São José,1,71195,71195.0,São José,São José
São José do Rio Preto,3,93013,31004.333333333332,São José do Rio Preto,São José Do Rio Preto
São José dos Campos,3,98578,32859.333333333336,São José dos Campos,São José Dos Campos
São Luís,1,56047,56047.0,São Luís,São Luís
São Paulo,20,566630,28331.5,São Paulo,São Paulo
São Paulo - SP,1,9536,9536.0,São Paulo - SP,São Paulo - Sp
TLV,1,19570,19570.0,TLV,Tlv
Tacoma,2,46016,23008.0,Tacoma,Tacoma
Taichung City,1,62415,62415.0,Taichung City,Taichung City
Taipei,25,977380,39095.2,Taipei,Taipei
Taipei City,1,77961,77961.0,Taipei City,Taipei City
Taipei Economic and Cultural Office,1,5504,5504.0,Taipei Economic and Cultural Office,Taipei Economic And Cultural Office
Taito,1,23679,23679.0,Skill,Skill
Taiwan,10,297762,29776.2,Taiwan,Taiwan
Tallahassee,1,171829,171829.0,Tallahassee,Tallahassee
Tallinn,8,148264,18533.0,Tallinn,Tallinn
Talmon,1,148290,148290.0,Hexic,Hexic
Tambov,1,14182,14182.0,Tambov,Tambov
Tamil Nadu,2,89419,44709.5,Tamil Nadu,Tamil Nadu
Tamilnadu,1,8218,8218.0,Tamilnadu,Tamilnadu
Tampa,2,320119,160059.5,Tampa,Tampa
Tampere,2,124830,62415.0,Tampere,Tampere
Tandil,1,6749,6749.0,Tandil,Tandil
Tangier,1,27246,27246.0,Tangier,Tangier
Tanza,1,3459,3459.0,Tanza,Tanza
Taoyuan,1,12898,12898.0,Taoyuan,Taoyuan
Tardis,1,33955,33955.0,Tardis,Tardis
Tauramena,1,5502,5502.0,Rope,Rope
Taylorsville,1,27040,27040.0,Taylorsville,Taylorsville
Tbilisi,10,270397,27039.7,Tbilisi,Tbilisi
Team Global (Gavy Kaler),1,5372,5372.0,Team Global (Gavy Kaler),Team Global Gavy Kaler
Tehran,10,281989,28198.9,Tehran,Tehran
Tel Aviv,11,377311,34301.0,Tel Aviv,Tel Aviv
Tel Aviv Cafe,2,38186,19093.0,Tel Aviv Cafe,Tel Aviv Cafe
Tel Aviv-Yafo,1,23679,23679.0,Tel Aviv-Yafo,Tel Aviv-Yafo
Tel-Aviv,1,40041,40041.0,Tel-Aviv,Tel-Aviv
Telaprolu,1,23736,23736.0,Telaprolu,Telaprolu
Telluride,1,12394,12394.0,Telluride,Telluride
Tempe,2,62016,31008.0,Tempe,Tempe
Temuco,1,148290,148290.0,Temuco,Temuco
Tenerife,1,29501,29501.0,Tenerife,Tenerife
Terminal,1,3806,3806.0,Terminal,Terminal
Terminal 1,1,22335,22335.0,Terminal 1,Terminal 1
Terni,1,5813,5813.0,Terni,Terni
Texas,17,1077413,63377.23529411765,Texas,Texas
Thailand,1,77961,77961.0,Thailand,Thailand
Thane,1,9513,9513.0,Thane,Thane
Thawe Junction,3,55536,18512.0,Thawe Junction,Thawe Junction
The Blue Marble,1,23679,23679.0,The Blue Marble,The Blue Marble
The Corner,1,62415,62415.0,The Corner,The Corner
The Embarcadero & Bay Street,1,7582,7582.0,The Embarcadero & Bay Street,The Embarcadero Bay Street
The Good Earth Garden,1,15951,15951.0,The Good Earth Garden,The Good Earth Garden
The Hague,2,191399,95699.5,The Hague,The Hague
The Matrix,2,27273,13636.5,The Matrix,The Matrix
The Metaverse Store,1,27040,27040.0,The Metaverse Store,The Metaverse Store
The Moon,1,11812,11812.0,The Moon,The Moon
The Netherlands,2,43319,21659.5,The Netherlands,The Netherlands
The Point Park past Caswell Cove,1,62415,62415.0,The Point Park past Caswell Cove,The Point Park Past Caswell Cove
The Simulation Crew,1,4206,4206.0,The Simulation Crew,The Simulation Crew
The Sticks,1,23736,23736.0,The Sticks,The Sticks
The Underestimated City,1,27040,27040.0,The Underestimated City,The Underestimated City
The Valley,1,6425,6425.0,The Valley,The Valley
The Void,1,71312,71312.0,The Void,The Void
The Web Internet Cafe,2,10943,5471.5,The Web Internet Cafe,The Web Internet Cafe
The Wilderness,1,37244,37244.0,The Wilderness,The Wilderness
The Woodlands,1,23211,23211.0,The Woodlands,The Woodlands
Thessaloniki,3,44088,14696.0,Thessaloniki,Thessaloniki
Thành phố Hà Nội,4,52120,13030.0,Hanoi City,Hanoi City
Thành phố Hồ Chí Minh,9,251058,27895.333333333332,Ho Chi Minh City,Ho Chi Minh City
Tianjin,1,13299,13299.0,Tianjin,Tianjin
Tienen,1,171829,171829.0,Have,Have
Time Out Market Lisboa,1,11552,11552.0,Time Out Market Lisboa,Time Out Market Lisboa
Timisoara,6,101675,16945.833333333332,Timisoara,Timisoara
Timișoara,6,47112,7852.0,Timisoara,Timisoara
Tirana,1,14182,14182.0,Tirana,Tirana
Tiruchirappalli,2,25144,12572.0,Turuchir them,Turuchir Them
Tirunelveli,1,27040,27040.0,Tirune brother,Tirune Brother
Tochigi,1,148290,148290.0,Tochigi,Tochigi
Tokyo,54,2168974,40166.18518518518,Tokyo,Tokyo
Tokyo-to,1,148290,148290.0,Tokyo-to,Tokyo-To
Toledo,3,59883,19961.0,Toledo,Toledo
Tomball,1,5389,5389.0,Tomball,Tomball
Torino,3,57672,19224.0,Torino,Torino
Toronto,89,3013090,33854.94382022472,Toronto,Toronto
Toruń,1,19570,19570.0,Toruń,Toruń
Toscana,1,62415,62415.0,Tuscany,Tuscany
Toshkent,1,10938,10938.0,Tashkent,Tashkent
Toulouse,16,378674,23667.125,Toulouse,Toulouse
Townsville,1,21220,21220.0,Townsville,Townsville
Tranquility,1,3621,3621.0,Tranquility,Tranquility
Transylvania,1,11812,11812.0,Transylvania,Transylvania
Traveler's World RV Resort,1,36240,36240.0,Traveler's World RV Resort,Travelers World Rv Resort
Trencianska Tepla,1,62415,62415.0,Trencianska heat,Trencianska Heat
Trento,1,171829,171829.0,Trento,Trento
Treviso,1,40203,40203.0,Treviso,Treviso
Trieste,1,11633,11633.0,Trieste,Trieste
Trondheim,52,825638,15877.653846153846,Trondheim,Trondheim
Trumbull,1,171829,171829.0,Trumbull,Trumbull
Tsinghua University,1,17000,17000.0,Tsinghua University,Tsinghua University
Tubarão,1,62415,62415.0,Shark,Shark
Tulsa,6,522592,87098.66666666667,Tulsa,Tulsa
Tunis,2,33826,16913.0,Tunis,Tunis
Turin,4,61213,15303.25,Turin,Turin
Turkey,4,86308,21577.0,Turkey,Turkey
Turkmenistan,1,77961,77961.0,Turkmenistan,Turkmenistan
Tysons Corner,1,19286,19286.0,Tysons Corner,Tysons Corner
Tát,1,53164,53164.0,Slap,Slap
Tübingen,3,13339,4446.333333333333,Tübingen,Tübingen
Türkiye,21,551602,26266.761904761905,Türkiye,Türkiye
U.S.A.,1,8420,8420.0,U.S.A.,Usa
UF,1,7852,7852.0,UF,Uf
UG 892 - β4,1,71195,71195.0,And 892 - β4,And 892 - Β4
UK,2,13720,6860.0,UK,Uk
USA,2,32705,16352.5,USA,Usa
UTC−08:00 standard time,1,6171,6171.0,UTC−08:00 standard time,Utc0800 Standard Time
Ubud,2,200851,100425.5,Ubud,Ubud
Uddevalla,1,8418,8418.0,Uddevalla,Uddevalla
Udupi,1,14182,14182.0,Udupi,Udupi
Uganda,1,5502,5502.0,Uganda,Uganda
Ukraine,4,335617,83904.25,Ukraine,Ukraine
Ulaanbaatar,1,11812,11812.0,Uaanbaatar,Uaanbaatar
Ulm,1,53164,53164.0,Ulm,Ulm
Ulsan,1,16826,16826.0,Ulsan,Ulsan
Umuahia,1,12394,12394.0,Umuahia,Umuahia
Umujyi wa Kigali,1,62415,62415.0,City of Kigali,City Of Kigali
United Arab Emirates,1,62415,62415.0,United Arab Emirates,United Arab Emirates
United Kingdom,66,1681158,25472.090909090908,United Kingdom,United Kingdom
United States,176,5910769,33583.91477272727,United States,United States
Univers,1,77895,77895.0,Universe,Universe
Universe,2,13841,6920.5,Universe,Universe
University of California,3,48705,16235.0,University of California,University Of California
University of Edinburgh,1,29022,29022.0,University of Edinburgh,University Of Edinburgh
University of Leeds,1,40041,40041.0,University of Leeds,University Of Leeds
Université Côte d'Azur,1,3448,3448.0,Côte d'Azur university,Côte Dazur University
Unknown,163,4850209,29755.883435582826,Unknown,Unknown
Urbana,2,43489,21744.5,Urbana,Urbana
Utah,4,54982,13745.5,Utah,Utah
Utc,1,32389,32389.0,Utc,Utc
Utopia,1,33955,33955.0,Utopia,Utopia
Utrecht,10,418408,41840.8,Utrecht,Utrecht
Uttar Pradesh,1,27246,27246.0,Uttar pradesh,Uttar Pradesh
Uttarpara,1,77961,77961.0,Uttarpara,Uttarpara
VA,1,77895,77895.0,VA,Va
Vadodara,2,76443,38221.5,Let them,Let Them
Valais,1,11812,11812.0,Valais,Valais
Valencia,5,62767,12553.4,Valencia,Valencia
Valladolid,1,40203,40203.0,Valladolid,Valladolid
Valle de Bravo,1,5504,5504.0,Bravo Valley,Bravo Valley
Valledupar,1,29370,29370.0,Valledupar,Valledupar
València,3,57515,19171.666666666668,Valencia,Valencia
Vancity,1,8101,8101.0,Vancity,Vancity
Vancouver,62,1776753,28657.3064516129,Vancouver,Vancouver
Vantaa,1,40203,40203.0,Vantaa,Vantaa
Varaždin,1,30974,30974.0,Varaždin,Varaždin
Varese,1,5502,5502.0,Varese,Varese
Varna,1,53164,53164.0,Varna,Varna
Vashi,1,29022,29022.0,Vashi,Vashi
Vashon,1,40041,40041.0,Vashon,Vashon
Venezia,1,18221,18221.0,Venezia,Venezia
Venezuela,1,5502,5502.0,Venezuela,Venezuela
Venice,1,8557,8557.0,Venice,Venice
Verona,2,39192,19596.0,Verona,Verona
Versailles,1,62415,62415.0,Versailles,Versailles
Vibo Valentia,1,19371,19371.0,Vibo Valentia,Vibo Valentia
Victoria,4,285324,71331.0,Victoria,Victoria
Victoria BC,1,7913,7913.0,Victoria BC,Victoria Bc
Vienna,20,376177,18808.85,Vienna,Vienna
Vietnam,1,11552,11552.0,Vietnam,Vietnam
Vigo,2,25994,12997.0,Vigo,Vigo
Villeurbanne,1,14182,14182.0,Villeurbanne,Villeurbanne
Vilnius,9,143547,15949.666666666666,Vilnius,Vilnius
Virtual,1,23211,23211.0,Virtual,Virtual
Vitoria-Gasteiz,1,12053,12053.0,Vitoria-Gasteiz,Vitoria-Gasteiz
Việt Nam,12,438435,36536.25,Vietnam,Vietnam
Vorkuta,1,37244,37244.0,Vorkuta,Vorkuta
WA,1,23211,23211.0,Of,Of
WEST BENGAL,1,36240,36240.0,WEST BENGAL,West Bengal
WFH,1,19570,19570.0,Wfh,Wfh
WWW,1,71195,71195.0,WWW,Www
Waltham,1,17000,17000.0,Waltham,Waltham
Warrenton,1,4325,4325.0,Warrenton,Warrenton
Warrington,1,62415,62415.0,Warrington,Warrington
Warsaw,15,445520,29701.333333333332,Warsaw,Warsaw
Warszawa,16,334759,20922.4375,Warsaw,Warsaw
Warwickshire,1,23211,23211.0,Warwickshire,Warwickshire
Washington,28,686741,24526.464285714286,Washington,Washington
Washington DC,1,8405,8405.0,Washington DC,Washington Dc
Washington DC Hypnosis Center,1,40203,40203.0,Washington DC Hypnosis Center,Washington Dc Hypnosis Center
Waterloo,12,231617,19301.416666666668,Waterloo,Waterloo
Web,1,29022,29022.0,Web,Web
Weehawken,1,40041,40041.0,Weehawken,Weehawken
Wellington,10,312056,31205.6,Wellington,Wellington
West Bengal,3,60006,20002.0,West Bengal,West Bengal
West Coast,3,76802,25600.666666666668,West Coast,West Coast
West Hartford,1,8420,8420.0,West Hartford,West Hartford
West Henrietta,1,19808,19808.0,West Henrietta,West Henrietta
West Hollywood,1,30595,30595.0,West Hollywood,West Hollywood
West Lafayette,4,58530,14632.5,West Lafayette,West Lafayette
West Palm Beach,1,15915,15915.0,West Palm Beach,West Palm Beach
West Virginia,1,30005,30005.0,West Virginia,West Virginia
West Yorkshire,1,62415,62415.0,West Yorkshire,West Yorkshire
Westcliffe,1,19286,19286.0,Westcliffe,Westcliffe
Westford,1,27040,27040.0,Westford,Westford
Westlake,1,40203,40203.0,Westlake,Westlake
Westmorland,1,148290,148290.0,Westmorland,Westmorland
Westport,1,10938,10938.0,Westport,Westport
Wexford,1,13299,13299.0,Wexford,Wexford
Whatever,1,49378,49378.0,Whatever,Whatever
White Lake,1,8101,8101.0,White Lake,White Lake
Wien,11,117783,10707.545454545454,Wien,Wien
Williamsburg,1,3496,3496.0,Williamsburg,Williamsburg
Wilmington,1,19570,19570.0,Wilmington,Wilmington
Wiltshire,1,44122,44122.0,Wiltshire,Wiltshire
Winchester,1,27040,27040.0,Winchester,Winchester
Winnipeg,4,61237,15309.25,Winnipeg,Winnipeg
Wisconsin,6,234005,39000.833333333336,Wisconsin,Wisconsin
Witten,1,23679,23679.0,Witten,Witten
Wonderland,1,3459,3459.0,Wonderland,Wonderland
Woodinville,1,16826,16826.0,Woodinville,Woodinville
Woodland,1,29501,29501.0,Woodland,Woodland
World,8,289144,36143.0,World,World
Worldwide,6,139131,23188.5,Worldwide,Worldwide
Wroclaw,2,170625,85312.5,Wroclaw,Wroclaw
Wrocław,10,306453,30645.3,Wrocław,Wrocław
Wuhan,14,382066,27290.428571428572,Wuhan,Wuhan
Wuxi,2,142390,71195.0,Wuxi,Wuxi
Wyoming,1,14182,14182.0,Wyoming,Wyoming
Würzburg,1,29022,29022.0,Würzburg,Würzburg
Xi'an,6,371196,61866.0,XI'an,Xian
Xiamen,4,199148,49787.0,Xiamen,Xiamen
Xiamen of Fujian Province,1,171829,171829.0,Xiamen of Fujian Province,Xiamen Of Fujian Province
Xiamen(Amoy),1,33955,33955.0,Xiamen (smell),Xiamen Smell
XingTai,1,26365,26365.0,Xingtai,Xingtai
Yerevan,15,155623,10374.866666666669,Yerevan,Yerevan
Yogyakarta,3,20665,6888.333333333333,Yogyakarta,Yogyakarta
Yokohama,3,117211,39070.333333333336,Yokohama,Yokohama
York,2,65756,32878.0,York,York
Yorktown,1,21848,21848.0,Yorktown,Yorktown
Yorktown Heights,1,5075,5075.0,Yorktown Heights,Yorktown Heights
Your Mom's House,1,77895,77895.0,Your Mom's House,Your Moms House
Ypsilanti,1,27040,27040.0,Ypsilanti,Ypsilanti
Yıldız Teknik Üniversitesi,1,3448,3448.0,YILDIZ TECHNICAL UNIVERSITY,Yildiz Technical University
Zagreb,16,372618,23288.625,Zagreb,Zagreb
Zhejiang,1,22803,22803.0,Zhejiang,Zhejiang
Zhejiang Hangzhou,1,16273,16273.0,Zhejiang Hangzhou,Zhejiang Hangzhou
ZhengZhou,1,33955,33955.0,Zhengzhou,Zhengzhou
Zhongshan,1,33955,33955.0,Zhongshan,Zhongshan
ZhuHai,1,71312,71312.0,ZhuHai,Zhuhai
Zhuhai,1,4582,4582.0,Zhuhai,Zhuhai
Zielona Góra,1,77895,77895.0,Zielona Góra,Zielona Góra
Zilina,1,27040,27040.0,Zain,Zain
Zizhu2,1,7852,7852.0,Zizhu2,Zizhu2
Zug,2,50165,25082.5,Zug,Zug
Zuid-Holland,1,44122,44122.0,South Holland,South Holland
Zurich,17,359401,21141.235294117647,Zurich,Zurich
Zurich Area,1,71312,71312.0,Zurich Area,Zurich Area
Zwickau,1,3448,3448.0,Zwickau,Zwickau
Zürich,39,1251329,32085.358974358973,Zürich,Zürich
[HangZhou,1,56047,56047.0,[HangZhou,Hangzhou
austin,1,19093,19093.0,austin,Austin
baltimore,1,77895,77895.0,baltimore,Baltimore
bash,1,40041,40041.0,bash,Bash
bengaluru,1,7852,7852.0,bengaluru,Bengaluru
brookline,1,23736,23736.0,brookline,Brookline
chandrapur,1,4969,4969.0,chandrapur,Chandrapur
chengdu,2,79390,39695.0,chengdu,Chengdu
columbia,1,29022,29022.0,columbia,Columbia
guangzhou,1,33955,33955.0,guangzhou,Guangzhou
hangzhou,4,96526,24131.5,hangzhou,Hangzhou
herzliya,1,37244,37244.0,herzliya,Herzliya
home,1,4206,4206.0,home,Home
in the air (인디에어),1,5372,5372.0,In the Air (Indie Air),In The Air Indie Air
jiangsu,1,7686,7686.0,jiangsu,Jiangsu
kampala,1,17000,17000.0,kampala,Kampala
kolkata,1,27246,27246.0,kolkata,Kolkata
kuala lumpur,1,171829,171829.0,Kuala Lumpur,Kuala Lumpur
massachusetts,1,23679,23679.0,massachusetts,Massachusetts
mesa,1,4206,4206.0,mesa,Mesa
near Kyiv,1,148290,148290.0,near Kyiv,Near Kyiv
near Llanfairpwllgwyngyllgogerychwyrndrobwllllantysiliogogogoch,1,23679,23679.0,near Llanfairpwllgwyngyllgogerchwyrndrobwllllantysiliogogogoch,Near Llanfairpwllgwyngyllgogerchwyrndrobwllllantysiliogogogoch
pokhara,1,9513,9513.0,pokhara,Pokhara
redmond,1,5100,5100.0,redmond,Redmond
rehovot/jerusalem,1,6268,6268.0,rehovot/jerusalem,Rehovotjerusalem
san diego,1,37244,37244.0,San Diego,San Diego
san francisco,1,34972,34972.0,san francisco,San Francisco
shanghai,3,23556,7852.0,shanghai,Shanghai
shenzhen,1,33955,33955.0,shenzhen,Shenzhen
undefined,9,403208,44800.88888888889,undefined,Undefined
unknown,1,33955,33955.0,unknown,Unknown
washington,1,6462,6462.0,washington,Washington
waterloo,1,171829,171829.0,waterloo,Waterloo
wuhan,1,6980,6980.0,wuhan,Wuhan
xxx,1,11812,11812.0,xxx,Xxx
Åland,1,171829,171829.0,Åland,Åland
Ålesund,1,77961,77961.0,Ålesund,Ålesund
Éire / Ireland,20,464980,23249.0,Ireland / Ireland,Ireland Ireland
Île-de-France,1,29022,29022.0,Île-de-France,Île-De-France
Örebro,1,29501,29501.0,Örebro,Örebro
Österreich,20,493133,24656.65,Austria,Austria
İstanbul,18,395128,21951.555555555555,İstanbul,İstanbul
İzmir,1,37244,37244.0,İzmir,İzmir
Αποκεντρωμένη Διοίκηση Πελοποννήσου,1,17000,17000.0,Decentralized Administration of the Peloponnese,Decentralized Administration Of The Peloponnese
Δήμος Λάρνακας,1,5389,5389.0,Municipality of Larnaca,Municipality Of Larnaca
Κάτω Βέρμιο,1,37244,37244.0,Lower Vermio,Lower Vermio
Κύπρος,3,123188,41062.666666666664,Cyprus,Cyprus
Λευκωσία,1,71195,71195.0,Nicosia,Nicosia
Πάτρα,1,4206,4206.0,Patras,Patras
Τέρρα,2,43057,21528.5,Terra,Terra
Алматы,1,14182,14182.0,Almaty,Almaty
Астана,1,5813,5813.0,Capital,Capital
Београд,5,83567,16713.4,Belgrade,Belgrade
Бишкек шаары,1,19570,19570.0,Bishkek city,Bishkek City
България,9,121530,13503.333333333334,Bulgaria,Bulgaria
Дагестан,1,77961,77961.0,Dagestan,Dagestan
Денисов ауданы,1,5693,5693.0,Denisov district,Denisov District
Европейски съюз,2,28802,14401.0,European Union,European Union
Екатеринбург,2,155067,77533.5,Yekaterinburg,Yekaterinburg
Екатеринбургское время,1,77895,77895.0,Yekaterinburg time,Yekaterinburg Time
Київ,6,161224,26870.666666666668,Kyiv,Kyiv
Краснодар,2,54492,27246.0,Krasnodar,Krasnodar
Кыргызстан,1,30974,30974.0,Kyrgyzstan,Kyrgyzstan
Львів,1,4525,4525.0,Lviv,Lviv
Москва,21,599728,28558.47619047619,Moscow,Moscow
Нижний Новгород,1,41513,41513.0,Nizhny Novgorod,Nizhny Novgorod
Нови Сад,1,11812,11812.0,Novi Sad,Novi Sad
Обнинск,1,6799,6799.0,Obninsk,Obninsk
Одеса,1,7852,7852.0,Odesa,Odesa
Пловдив,1,62415,62415.0,Plovdiv,Plovdiv
Россия,5,234903,46980.6,Russia,Russia
Санкт-Петербург,9,409922,45546.88888888889,Saint Petersburg,Saint Petersburg
Северна Македонија,2,107243,53621.5,North Macedonia,North Macedonia
София,1,14182,14182.0,Sofia,Sofia
Стара Загора,1,77961,77961.0,Stara Zagora,Stara Zagora
Томская область,1,77961,77961.0,Tomsk region,Tomsk Region
Україна,13,387822,29832.46153846154,Ukraine,Ukraine
бер.,1,7562,7562.0,one.,One
городское поселение Петушки,1,40203,40203.0,City settlement of Petushka,City Settlement Of Petushka
городской округ Ростов-на-Дону,1,23736,23736.0,The city district of Rostov-on-Don,The City District Of Rostov-On-Don
Қазақстан,1,8218,8218.0,Kazakhstan,Kazakhstan
Երևան,9,82476,9164.0,Yerevan,Yerevan
ירושלים | القدس,1,5838,5838.0,Jerusalem | القدس,Jerusalem القدس
ישראל,34,1167843,34348.32352941176,Israel,Israel
פלאשבק,1,148290,148290.0,flashback,Flashback
תל־אביב–יפו,7,204123,29160.428571428572,Tel Aviv -Jaffa,Tel Aviv -Jaffa
أبو ظبي,2,11720,5860.0,Abu Dhabi,Abu Dhabi
استان کردستان,1,17000,17000.0,Kurdistan province,Kurdistan Province
اسلام آباد,1,15566,15566.0,Islamabad,Islamabad
السعودية,4,72206,18051.5,Saudi Arabia,Saudi Arabia
العالم,3,28655,9551.666666666666,the world,The World
القاهرة,2,8950,4475.0,Cairo,Cairo
المحيط الهادئ,1,148290,148290.0,Pacific Ocean,Pacific Ocean
تونس,7,107792,15398.857142857143,Tunisia,Tunisia
جزيرة البحرين,1,77961,77961.0,Bahrain Island,Bahrain Island
دبي,8,134779,16847.375,Dubai,Dubai
راولپنڈی,1,36240,36240.0,Rawalpindi,Rawalpindi
شرم الشيخ,1,11812,11812.0,Sharm El Sheikh,Sharm El Sheikh
شهر تبریز,1,14647,14647.0,Tabriz City,Tabriz City
شهر تهران,6,285621,47603.5,Tehran,Tehran
شهر مشهد,2,54741,27370.5,Mashhad,Mashhad
شیراز,2,70046,35023.0,Shiraz,Shiraz
عمان,3,34562,11520.666666666666,Oman,Oman
لاہور,3,326227,108742.33333333331,Lahore,Lahore
مصر,12,382911,31909.25,Egypt,Egypt
نابلس,1,71195,71195.0,Nablus,Nablus
پاکستان,1,5468,5468.0,Pakistan,Pakistan
کراچی ڈویژن,2,68228,34114.0,Karachi Division,Karachi Division
काठमाडौँ महानगरपालिका,1,40041,40041.0,Kathmandu Metropolitanika,Kathmandu Metropolitanika
नेपाल,11,422899,38445.36363636364,Nepal,Nepal
ঢাকা,1,5148,5148.0,Dhaka,Dhaka
กรุงเทพมหานคร,5,133648,26729.6,Bangkok,Bangkok
ประเทศไทย,11,311435,28312.272727272728,Thailand,Thailand
ປະເທດລາວ,2,43585,21792.5,Laos,Laos
ბათუმი,1,8101,8101.0,Batumi,Batumi
ព្រះរាជាណាចក្រ​កម្ពុជា,2,90957,45478.5,Kingdom of Cambodia,Kingdom Of Cambodia
上海中心大厦,1,33955,33955.0,Shanghai Central Building,Shanghai Central Building
上海市,133,3955516,29740.72180451128,Shanghai,Shanghai
上海财经大学,1,33955,33955.0,Shanghai University of Finance and Economics,Shanghai University Of Finance And Economics
东莞市,1,53637,53637.0,Dongguan City,Dongguan City
中国,166,4998597,30112.03012048193,China,China
中国南方航空深圳公司,1,71195,71195.0,China Southern Airlines Shenzhen Company,China Southern Airlines Shenzhen Company
亚洲,1,17099,17099.0,Asia,Asia
亚龙湾人间天堂-鸟巢度假村,1,71195,71195.0,Yalong Bay Paradise on Earth-Bird's Nest Resort,Yalong Bay Paradise On Earth-Birds Nest Resort
京都市,1,4335,4335.0,Kyoto City,Kyoto City
佐賀県,1,36520,36520.0,Saga Prefecture,Saga Prefecture
内灘町,1,5470,5470.0,Uchikocho,Uchikocho
北京市,196,6040946,30821.15306122449,Beijing,Beijing
北京市第八十中学,1,30974,30974.0,Beijing No. 80 Middle School,Beijing No 80 Middle School
区,1,71195,71195.0,district,District
华师,1,77961,77961.0,Huazhong University of Technology,Huazhong University Of Technology
南京市,17,604313,35547.82352941176,Nanjing City,Nanjing City
南昌水闸桥,1,4582,4582.0,Nanchang Sluice Bridge,Nanchang Sluice Bridge
南津街街道,1,4833,4833.0,Nanjin Street,Nanjin Street
厦门市,5,147066,29413.2,Xiamen City,Xiamen City
台州市,1,71195,71195.0,Taizhou City,Taizhou City
合肥市,3,132516,44172.0,Hefei City,Hefei City
四川省,1,71195,71195.0,Sichuan Province,Sichuan Province
地球市民交流センター,1,27246,27246.0,Global Citizens' Exchange Center,Global Citizens Exchange Center
大连市,3,83467,27822.333333333332,Dalian City,Dalian City
大阪市,2,55613,27806.5,Osaka City,Osaka City
天天红油赵师傅热干面,1,41513,41513.0,Master Zhao's hot dry noodles every day,Master Zhaos Hot Dry Noodles Every Day
天朝,1,56047,56047.0,The Heavenly Dynasty,The Heavenly Dynasty
天津市,3,91701,30567.0,Tianjin,Tianjin
宁波市,1,33955,33955.0,Ningbo City,Ningbo City
安康市中医医院,1,6425,6425.0,Ankang Traditional Chinese Medicine Hospital,Ankang Traditional Chinese Medicine Hospital
山东省,2,103584,51792.0,Shandong Province,Shandong Province
山西省,1,71195,71195.0,Shanxi Province,Shanxi Province
广东省,1,3951,3951.0,Guangdong Province,Guangdong Province
广元绕城高速,1,40323,40323.0,Guangyuan Ring Expressway,Guangyuan Ring Expressway
广州市,32,1023723,31991.34375,Guangzhou City,Guangzhou City
庙行镇,1,35826,35826.0,Miaoxing Town,Miaoxing Town
成都市,25,677220,27088.8,Chengdu,Chengdu
政府物料供應處(九龍總部) Government Supplies Department Mainland Headquarters (Other Name),1,24772,24772.0,Government Supplies Department Mainland Headquarters (Other Name),Government Supplies Department Mainland Headquarters Other Name
新北市議會,1,9513,9513.0,New Taipei City Council,New Taipei City Council
新浜市,1,6250,6250.0,Shinhama City,Shinhama City
新西兰签证申请中心,1,36520,36520.0,New Zealand Visa Application Centre,New Zealand Visa Application Centre
日本,75,2964565,39527.53333333333,Japan,Japan
李沧区,1,41614,41614.0,Licang District,Licang District
杭州市,72,2493033,34625.458333333336,Hangzhou City,Hangzhou City
東京大学 柏キャンパス,1,148290,148290.0,Tokyo University Kashiwa Campus,Tokyo University Kashiwa Campus
東京都,52,1739945,33460.480769230766,Tokyo Metropolitan City,Tokyo Metropolitan City
梧州市,1,56047,56047.0,Wuzhou City,Wuzhou City
横浜市立大学,1,8218,8218.0,Yokohama City University,Yokohama City University
武汉市,13,466989,35922.230769230766,Wuhan City,Wuhan City
池袋,1,22803,22803.0,Ikebukuro,Ikebukuro
河南省,1,22803,22803.0,Henan Province,Henan Province
洛阳市园林局,1,41513,41513.0,Luoyang City Garden Bureau,Luoyang City Garden Bureau
浙江浙能镇海燃气热电有限责任公司,1,3961,3961.0,"Zhejiang Zhejiang Zhejiang Enzhenhai Gas Thermal Power Co., Ltd.","Zhejiang Zhejiang Zhejiang Enzhenhai Gas Thermal Power Co, Ltd"
浙江省,1,71195,71195.0,Zhejiang Province,Zhejiang Province
浮山县,1,3459,3459.0,Fushan County,Fushan County
海淀区,2,81836,40918.0,Haidian District,Haidian District
海淀区，北京/Haidian,1,16826,16826.0,"Haidian District, Beijing/Haidian","Haidian District, Beijinghaidian"
深圳南山(连平)共建产业园,1,71195,71195.0,Shenzhen Nanshan (Lianping) jointly builds industrial park,Shenzhen Nanshan Lianping Jointly Builds Industrial Park
深圳市,47,1912526,40692.04255319149,Shenzhen,Shenzhen
清华大学,3,61197,20399.0,Tsinghua University,Tsinghua University
湖南省,1,71195,71195.0,Hunan Province,Hunan Province
澳門 Macau,1,6487,6487.0,Macau,Macau
烟台市,2,9482,4741.0,Yantai City,Yantai City
珠海市,1,8195,8195.0,Zhuhai City,Zhuhai City
田舍,1,19986,19986.0,Field house,Field House
申郑路,1,6777,6777.0,Shen Zheng Road,Shen Zheng Road
硅谷亮城,1,14182,14182.0,Silicon Valley Liangcheng,Silicon Valley Liangcheng
神奈川県,1,4335,4335.0,Kanagawa Prefecture,Kanagawa Prefecture
福岡県,1,71195,71195.0,Fukui Prefecture,Fukui Prefecture
福州市,3,150585,50195.0,Fuzhou City,Fuzhou City
福建省,2,70610,35305.0,Fujian Province,Fujian Province
臺北市,7,121651,17378.714285714286,Taipei City,Taipei City
臺灣,37,1186428,32065.62162162162,Taiwan,Taiwan
苏州市,9,468159,52017.666666666664,Suzhou City,Suzhou City
西安市,6,152783,25463.833333333332,Xi'an City,Xian City
重庆市,5,197104,39420.8,Chongqing,Chongqing
长安区,1,33955,33955.0,Chang'an District,Changan District
长春市,1,33955,33955.0,Changchun City,Changchun City
长沙市,1,10101,10101.0,Changsha City,Changsha City
青岛市,2,83026,41513.0,Qingdao City,Qingdao City
韦州镇,1,19188,19188.0,Weizhou Town,Weizhou Town
香港 Hong Kong,33,940200,28490.909090909092,Hong Kong Hong Kong,Hong Kong Hong Kong
麻布十番,1,30974,30974.0,Azabu Juban,Azabu Juban
가톨릭대학교 부천성모병원,1,4335,4335.0,Catholic University Bucheon St. Mary's Hospital,Catholic University Bucheon St Marys Hospital
경상남도,1,29022,29022.0,Gyeongsangnam -do,Gyeongsangnam -Do
대한민국,2,31839,15919.5,korea,Korea
미승인차량 회차로,1,6450,6450.0,By the time of the non -approval vehicle,By The Time Of The Non -Approval Vehicle
부산광역시,1,7067,7067.0,Busan Metropolitan City,Busan Metropolitan City
서구,1,77895,77895.0,Western,Western
서울특별시,24,1054160,43923.333333333336,Seoul,Seoul
인하대학교,1,23679,23679.0,Inha University,Inha University
🌴 SANDRO Kiosk | Island Hopping around Alonabeach area.,1,4206,4206.0,🌴 SANDRO Kiosk | Island Hopping around Alonabeach area.,Sandro Kiosk Island Hopping Around Alonabeach Area
